survey,variable,question_label
EWCSR1,id,respondent id
EWCSR1,hh1,hh1.How many people live in this household?
EWCSR1,hh2a,hh2a. Sex - Respondent
EWCSR1,hh2b,hh2b. Age - Respondent
EWCSR1,hh2d,hh2d. Economic status - Respondent
EWCSR1,hh3_2a,hh3_2a. Sex - Person 2.
EWCSR1,hh3_2b,hh3_2b. Age - Person 2.
EWCSR1,hh3_2c,hh3_2c. Relationship to respondent - Person 2.
EWCSR1,hh3_2d,hh3_2d. Economic status - Person 2.
EWCSR1,hh3_3a,hh3_3a. Sex - Person 3.
EWCSR1,hh3_3b,hh3_3b. Age - Person 3.
EWCSR1,hh3_3c,hh3_3c. Relationship to respondent - Person 3.
EWCSR1,hh3_3d,hh3_3d. Economic status - Person 3.
EWCSR1,hh3_4a,hh3_4a. Sex - Person 4.
EWCSR1,hh3_4b,hh3_4b. Age - Person 4.
EWCSR1,hh3_4c,hh3_4c. Relationship to respondent - Person 4.
EWCSR1,hh3_4d,hh3_4d. Economic status - Person 4.
EWCSR1,hh3_5a,hh3_5a. Sex - Person 5.
EWCSR1,hh3_5b,hh3_5b. Age - Person 5.
EWCSR1,hh3_5c,hh3_5c. Relationship to respondent - Person 5.
EWCSR1,hh3_5d,hh3_5d. Economic status - Person 5.
EWCSR1,hh3_6a,hh3_6a. Sex - Person 6.
EWCSR1,hh3_6b,hh3_6b. Age - Person 6.
EWCSR1,hh3_6c,hh3_6c. Relationship to respondent - Person 6.
EWCSR1,hh3_6d,hh3_6d. Economic status - Person 6.
EWCSR1,hh3_7a,hh3_7a. Sex - Person 7.
EWCSR1,hh3_7b,hh3_7b. Age - Person 7.
EWCSR1,hh3_7c,hh3_7c. Relationship to respondent - Person 7.
EWCSR1,hh3_7d,hh3_7d. Economic status - Person 7.
EWCSR1,hh3_8a,hh3_8a. Sex - Person 8.
EWCSR1,hh3_8b,hh3_8b. Age - Person 8.
EWCSR1,hh3_8c,hh3_8c. Relationship to respondent - Person 8.
EWCSR1,hh3_8d,hh3_8d. Economic status - Person 8.
EWCSR1,hh3_9a,hh3_9a. Sex - Person 9.
EWCSR1,hh3_9b,hh3_9b. Age - Person 9.
EWCSR1,hh3_9c,hh3_9c. Relationship to respondent - Person 9.
EWCSR1,hh3_9d,hh3_9d. Economic status - Person 9.
EWCSR1,hh3_10a,hh3_10a. Sex - Person 10.
EWCSR1,hh3_10b,hh3_10b. Age - Person 10.
EWCSR1,hh3_10c,hh3_10c. Relationship to respondent - Person 10.
EWCSR1,hh3_10d,hh3_10d. Economic status - Person 10.
EWCSR1,q1a,Q1a. Are you a citizen of  country?
EWCSR1,q1b,q1b. Are you a citizen of ?
EWCSR1,q2a,q2a. What is the title of your main paid job?
EWCSR1,q2b,q2b. How old were you when you stopped full-time education?
EWCSR1,q2c,q2c. How many years have you been in paid employment since the age at which you stopped full-time education?
EWCSR1,q2d,q2d. How many years have you been in your company or organisation?
EWCSR1,q3a,q3a. Are you mainly ... ?
EWCSR1,q3b,q3b. What kind of employment contract do you have?
EWCSR1,q3c_1,q3c_1. What is the exact duration of the contract in number of years?
EWCSR1,q3c_2,q3c_2. What is the exact duration of the contract in number of months?
EWCSR1,q4,q4. What is the main activity of the company or organisation where you work?
EWCSR1,q5,q5. Are you working in the ?
EWCSR1,q6,q6. How many people in total work in the local unit of the establishment where you work?
EWCSR1,q7,q7. How many people work under your supervision?
EWCSR1,q8a,q8a. How many hours do you usually work per week in your main paid job?
EWCSR1,q8b,q8b. How many days per week do you usually work in your main paid job?
EWCSR1,q9a,"q9a. Besides your main paid job, do you have any other paid job(s)?"
EWCSR1,q9b,q9b. How many hours a week on average do you work in job(s) other than your main paid job?
EWCSR1,q10a,"q10a. Are you exposed at work to - vibrations from hand tools, machinery, etc.?"
EWCSR1,q10b,q10b. Are you exposed at work to - noise so loud that you would have to raise your voice to talk to people?
EWCSR1,q10c,q10c. Are you exposed at work to - high temperatures which make you perspire even when not working?
EWCSR1,q10d,q10d. Are you exposed at work to - low temperatures whether indoors or outdoors?
EWCSR1,q10e,"q10e. Are you exposed at work to - breathing in smoke, fumes, powder or dust etc.?"
EWCSR1,q10f,q10f. Are you exposed at work to - breathing in vapours such as solvents and thinners?
EWCSR1,q10g,q10g. Are you exposed at work to - handling or being in skin contact with chemical products or  substances?
EWCSR1,q10h,"q10h. Are you exposed at work to - radiation such as X rays, radioactive radiation, welding light, laser beams?"
EWCSR1,q10i,q10i. Are you exposed at work to - tobacco smoke from other people?
EWCSR1,q10j,q10j. Are you exposed at work to - handling or being in direct contact with materials which can be infectious?
EWCSR1,q11a,q11a. Does your main paid job involve - tiring or painful positions?
EWCSR1,q11b,q11b. Does your main paid job involve - lifting or moving people?
EWCSR1,q11c,q11c. Does your main paid job involve - carrying or moving heavy loads?
EWCSR1,q11d,q11d. Does your main paid job involve - standing or walking?
EWCSR1,q11e,q11e. Does your main paid job involve - repetitive hand or arm movements?
EWCSR1,q11f,q11f. Does your main paid job involve - working at company/organisation premise?
EWCSR1,q11g,q11g. Does your main paid job involve - teleworking from home with a PC?
EWCSR1,q11h,"q11h. Does your main paid job involve - working at home, excluding telework?"
EWCSR1,q11i,q11i. Does your main paid job involve - working in places other than home or company/organisation premises?
EWCSR1,q11j,q11j. Does your main paid job involve - dealing directly with people who are not employees at your workplace?
EWCSR1,q11k,"q11k. Does your main paid job involve - working with computers: PCs, network, mainframe?"
EWCSR1,q11l,q11l. Does your main paid job involve - using internet/email for professional purposes?
EWCSR1,q11m,q11m. Does your main paid job involve - wearing personal protective clothing or equipment?
EWCSR1,q12,"q12. Regarding the health and safety risks related to performance of your job, how well informed would you say you are?"
EWCSR1,q13,"q13. In total, how many minutes per day do you normally spend travelling from home to work and back?"
EWCSR1,q14a,"q14a. Normally, how many times a month do you work at night, for at least 2 hours?"
EWCSR1,q14b,"q14b. How many times a month do you work in the evening, for at least 2 hours?"
EWCSR1,q14c,q14c. How many times a month do you work on Sundays?
EWCSR1,q14d,q14d. How many times a month do you work on Saturdays?
EWCSR1,q14e,q14e. How many times a month do you work more than 10 hours a day?
EWCSR1,q15a,q15a. Do you work part-time or full-time?
EWCSR1,q15b,q15b. Would you like to work...?
EWCSR1,q16a_a,q16a_a. Do you work the same number of hours every day?
EWCSR1,q16a_b,q16a_b. Do you work the same number of days every week?
EWCSR1,q16a_c,q16a_c. Do you work fixed starting and finishing times?
EWCSR1,q16a_d,q16a_d. Do you work shifts?
EWCSR1,q16b,q16b. Do you work ...?
EWCSR1,q17a,q17a. How are your working time arrangements set?
EWCSR1,q17b,q17b. Do changes to your work schedule occur regularly? (IF YES) How long before are you informed about these changes?
EWCSR1,q18,"q18. Do your working hours fit in with your family or social commitments outside work very well, well, not very well or not at all well?"
EWCSR1,q19,"q19. In the past twelve months, have you been contacted in matters concerning your main paid job outside your normal working hours?"
EWCSR1,q20a_a,q20a_a. Does your job involve short repetitive tasks of less than 1 minute?
EWCSR1,q20a_b,q20a_b. Does your job involve short repetitive tasks of less than 10 minutes?
EWCSR1,q20b_a,q20b_a. Does your job involve working at very high speed?
EWCSR1,q20b_b,q20b_b. Does your job involve working to tight deadlines?
EWCSR1,q21a,q21a. Is your pace of work dependent on the work done by colleagues?
EWCSR1,q21b,q21b. Is your pace of work dependent on direct demands from people?
EWCSR1,q21c,q21c. Is your pace of work dependent on numerical production targets or performance targets?
EWCSR1,q21d,q21d. Is your pace of work dependent on automatic speed of a machine or movement of a product?
EWCSR1,q21e,q21e. Is your pace of work dependent on the direct control of your boss?
EWCSR1,q22a,q22a. How often do you have to interrupt a task you are doing in order to take on an unforeseen task?
EWCSR1,q22b,"q22b. For your work, are these interruptions ..."
EWCSR1,q23a,q23a. Does your main paid job involve: meeting precise quality standards?
EWCSR1,q23b,q23b. Does your main paid job involve: assessing yourself the quality of your own work?
EWCSR1,q23c,q23c. Does your main paid job involve: solving unforeseen problems on your own?
EWCSR1,q23d,q23d. Does your main paid job involve: monotonous tasks?
EWCSR1,q23e,q23e. Does your main paid job involve: complex tasks?
EWCSR1,q23f,q23f. Does your main paid job involve: learning new things?
EWCSR1,q24a,q24a. Are you able to choose or change your order of tasks?
EWCSR1,q24b,q24b. Are you able to choose or change your methods of work?
EWCSR1,q24c,q24c. Are you able to choose or change your speed or rate of work?
EWCSR1,q25a,q25a. You can get assistance from colleagues if you ask for it.
EWCSR1,q25b,q25b. You can get assistance from your superiors/boss if you ask for it.
EWCSR1,q25c,q25c. You can get external assistance if you ask for it.
EWCSR1,q25d,q25d. You have influence over the choice of your working partners.
EWCSR1,q25e,q25e. You can take your break when you wish.
EWCSR1,q25f,q25f. You have enough time to get the job done.
EWCSR1,q25g,q25g. You are free to decide when to take holidays or days off.
EWCSR1,q25h,"q25h. At work, you have the opportunity to do what you do best."
EWCSR1,q25i,q25i. Your job gives you the feeling of work well done.
EWCSR1,q25j,q25j. You are able to apply your own ideas in your work.
EWCSR1,q25k,q25k. You have the feeling of doing useful work.
EWCSR1,q25l,q25l. You find your job intellectually demanding.
EWCSR1,q25m,q25m. You find your job emotionally demanding.
EWCSR1,q26a,q26a. Does your job involve rotating tasks between yourself and colleagues?
EWCSR1,q26a_1,q26a_1. Do the tasks require different skills?
EWCSR1,q26a_2a,q26a_2a. Your boss/manager decides the division of the tasks?
EWCSR1,q26a_2b,q26a_2b. Decided by people the division of the tasks who are rotating tasks?
EWCSR1,q26b,q26b. Does your job involve doing all or part of your work in a team?
EWCSR1,q26b_1a,q26b_1a. Do the members of the team decide by themselves on the division of tasks?
EWCSR1,q26b_1b,q26b_1b. Do the members of the team decide by themselves who will be head of the team?
EWCSR1,q27,q27. Which of the following alternatives would best describe your skills in your own work?
EWCSR1,q28a_1,"q28a_1. Have you undergone: Training paid for or provided by your employer, or by yourself if you are self-employed?"
EWCSR1,q28a_2,"q28a_2. Training paid for or provided by your employer, or by yourself if you are self-employed - number of days:"
EWCSR1,q28b_1,q28b_1. Have you undergone: Training paid for by yourself?
EWCSR1,q28b_2,q28b_2. Training paid for by yourself - number of days:
EWCSR1,q28c,q28c. Have you undergone: On-the-job training?
EWCSR1,q28d,q28d. Have you undergone: Other forms of on-site training and learning?
EWCSR1,q28e,q28e. Have you undergone: Other?
EWCSR1,q29a,q29a. Have you personally been subjected at work to threats of physical violence?
EWCSR1,q29b,q29b. Have you personally been subjected at work to physical violence from people from your workplace?
EWCSR1,q29c,q29c. Have you personally been subjected at work to physical violence from other people?
EWCSR1,q29d,q29d. Have you personally been subjected at work to bullying/harassment?
EWCSR1,q29e,q29e. Have you personally been subjected at work to sexual discrimination/discrimination linked to gender?
EWCSR1,q29f,q29f. Have you personally been subjected at work to unwanted sexual attention?
EWCSR1,q29g,q29g. Have you personally been subjected at work to age discrimination?
EWCSR1,q29h,q29h. Have you personally been subjected at work to discrimination linked to nationality?
EWCSR1,q29i,q29i. Have you personally been subjected at work to discrimination linked to ethnic background?
EWCSR1,q29j,q29j. Have you personally been subjected at work to discrimination linked to religion?
EWCSR1,q29k,q29k. Have you personally been subjected at work to discrimination linked to disability?
EWCSR1,q29l,q29l. Have you personally been subjected at work to discrimination linked to sexual orientation?
EWCSR1,q30a,q30a. Over the past 12 months have you had a frank discussion with your boss about your work performance?
EWCSR1,q30b,q30b. Over the past 12 months have you been consulted about changes in the organisation of work and/or your working conditions?
EWCSR1,q30c,q30c. Over the past 12 months have you been subject to regular formal assessment of your work performance?
EWCSR1,q30d,q30d. Over the past 12 months have you discussed work-related problems with your boss?
EWCSR1,q30e,q30e. Over the past 12 months have you discussed work-related problems with an employee representative?
EWCSR1,q31,q31. Is your immediate boss a man or a woman?
EWCSR1,q32,q32. Do you think your health or safety is at risk because of your work?
EWCSR1,q33,"q33. Does your work affect your health, or not?"
EWCSR1,q33a_a,q33a_a. Does your work affect your health: hearing problems?
EWCSR1,q33a_b,q33a_b. Does your work affect your health: problems with your vision?
EWCSR1,q33a_c,q33a_c. Does your work affect your health: skin problems?
EWCSR1,q33a_d,q33a_d. Does your work affect your health: backache?
EWCSR1,q33a_e,q33a_e. Does your work affect your health: headaches?
EWCSR1,q33a_f,q33a_f. Does your work affect your health: stomach ache?
EWCSR1,q33a_g,q33a_g. Does your work affect your health: muscular pains?
EWCSR1,q33a_h,q33a_h. Does your work affect your health: respiratory difficulties?
EWCSR1,q33a_i,q33a_i. Does your work affect your health: heart disease?
EWCSR1,q33a_j,q33a_j. Does your work affect your health: injury(ies)?
EWCSR1,q33a_k,q33a_k. Does your work affect your health: stress?
EWCSR1,q33a_l,q33a_l. Does your work affect your health: overall fatigue?
EWCSR1,q33a_m,q33a_m. Does your work affect your health: sleeping problems?
EWCSR1,q33a_n,q33a_n. Does your work affect your health: allergies?
EWCSR1,q33a_o,q33a_o. Does your work affect your health: anxiety?
EWCSR1,q33a_p,q33a_p. Does your work affect your health: irritability?
EWCSR1,q33a_q,q33a_q. Does your work affect your health: other?
EWCSR1,q34a_a,"q34a_a. In your main paid job, over the past twelve months, have you been absent for maternity or paternity leave?"
EWCSR1,q34a_b,"q34a_b. In your main paid job, over the past twelve months, have you been absent for educational leave?"
EWCSR1,q34a_c,"q34a_c. In your main paid job, over the past twelve months, have you been absent for family-related leave?"
EWCSR1,q34a_d,"q34a_d. In your main paid job, over the past twelve months, have you been absent for health problems?"
EWCSR1,q34a_e,"q34a_e. In your main paid job, over the past twelve months, have you been absent for other reasons?"
EWCSR1,q34b,q34b. Over the past 12 months how many days in total  were you absent from work for reasons of health problems?
EWCSR1,q34c_1,"q34c_1. Of the days of absence indicated above, how many days were attributable to accident(s) at work:"
EWCSR1,q34c_2,"q34c_2. Of the days of absence indicated above, how many days were attributable to health problems caused by your work:"
EWCSR1,q35,q35. Do you think you will be able to do the same job you are doing now when you are 60 years old?
EWCSR1,q36,"q36. Are you very satisfied, satisfied, not very satisfied or not at all satisfied with working conditions in your main paid job?"
EWCSR1,q37a,q37a. I might lose my job in the next 6 months.
EWCSR1,q37b,q37b. I am well paid for the work I do.
EWCSR1,q37c,q37c. My job offers good prospects for career advancement.
EWCSR1,q37d,q37d. I feel myself 'at home' in this organisation.
EWCSR1,q37e,"q37e. At work, I have opportunities to learn and grow."
EWCSR1,q37f,q37f. I have very good friends at work.
EWCSR1,ef1,ef1. What is the highest level of education that you have successfully completed?
EWCSR1,ef3,"ef3. Are you, in your household, the person who contributes most to the household income?"
EWCSR1,ef4a,ef4a. How often are you involved: Voluntary or charitable activity
EWCSR1,ef4.1a,ef4.1a. How many hours per day are you involved: Voluntary or charitable activity
EWCSR1,ef4b,ef4b. How often are you involved: Political/trade union activity
EWCSR1,ef4.1b,ef4.1b. How many hours per day are you involved: Political/trade union activity
EWCSR1,ef4c,ef4c. How often are you involved: Caring for and educating your children
EWCSR1,ef4.1c,ef4.1c. How many hours per day are you involved: Caring for and educating your children
EWCSR1,ef4d,ef4d. How often are you involved: Cooking and housework
EWCSR1,ef4.1d,ef4.1d. How many hours per day are you involved: Cooking and housework
EWCSR1,ef4e,ef4e. How often are you involved: Caring for elderly/disabled relatives
EWCSR1,ef4.1e,ef4.1e. How many hours per day are you involved: Caring for elderly/disabled relatives
EWCSR1,ef4f,ef4f. How often are you involved: Taking a training or education course
EWCSR1,ef4.1f,ef4.1f. How many hours per day are you involved: Taking a training or education course
EWCSR1,ef4g,"ef4g. How often are you involved: Sporting, cultural or leisure activity outside your home"
EWCSR1,ef4.1g,"ef4.1g. How many hours per day are you involved: Sporting, cultural or leisure activity outside your home"
EWCSR1,ef5,"ef5. Presently, what is on average your net monthly income from your main paid job?"
EWCSR1,ef6a,ef6a. What does your remuneration include: Basic fixed salary/wage?
EWCSR1,ef6b,ef6b. What does your remuneration include: Piece rate or productivity payments?
EWCSR1,ef6c,ef6c. What does your remuneration include: Extra payments for additional hours of work/overtime?
EWCSR1,ef6d,ef6d. What does your remuneration include: Extra payments compensating for bad or dangerous working conditions?
EWCSR1,ef6e,ef6e. What does your remuneration include: Extra payments compensating for Sunday work?
EWCSR1,ef6f,ef6f. What does your remuneration include: Other extra payments?
EWCSR1,ef6g,ef6g. What does your remuneration include: Payments based on the overall performance of the company where you work?
EWCSR1,ef6h,ef6h. What does your remuneration include: Payments based on the overall performance of a group?
EWCSR1,ef6i,ef6i. What does your remuneration include: Income from shares in the company your work for?
EWCSR1,ef6j,ef6j. What does your remuneration include: Advantages of other nature?
EWCSR1,ef6k,ef6k. What does your remuneration include: Other?
EWCSR1,ef6g_1,ef6g_1. Are the payments  based on the overall performance of the company calculated according to a predefined formula?
EWCSR1,ef6g_2,ef6g_2.  do you receive these payments on a regular basis?
EWCSR1,ef6h_1,ef6h_1.  Are the payments based on the overall performance of a group calculated according to a predefined formula?
EWCSR1,ef6h_2,ef6h_2. - do you receive these payments on a regular basis?
EWCSR1,ef7a,"ef7a. What does your remuneration include: Income from self-employment such as own business, profession or farm?"
EWCSR1,ef7b,ef7b. What does your remuneration include: Payments based on the overall performance of the company where you work?
EWCSR1,ef7c,ef7c. What does your remuneration include: Payments based on the overall performance of a group?
EWCSR1,ef7d,ef7d. What does your remuneration include: Income from shares in the company your work for?
EWCSR1,ef7e,ef7e. What does your remuneration include: Other?
EWCSR1,ef7b_1,ef7b_1. Are these payments based on the overall performance of the company calculated according to a predefined formula?
EWCSR1,ef7b_2,ef7b_2.  do you receive these payments on a regular basis?
EWCSR1,ef7c_1,ef7c_1. are these payments calculated according to a predefined formula?
EWCSR1,ef7c_2,ef7c_2.  do you receive these payments on a regular basis?
EWCSR1,p12a,p12a. Fixed telephone available in the household?
EWCSR1,p12b,p12b. Mobile  telephone available in the household?
EWCSR1,p14,p14. Would you be willing to participate in such a follow-up Interviewers?
EWCSR1,p1_1,p1_1. Date of the interview: Day:
EWCSR1,p1_2,p1_2. Date of the interview: Month:
EWCSR1,p2_1,p2_1. Time of the beginning of the interview: Hour:
EWCSR1,p2_2,p2_2. Time of the beginning of the interview: Minutes:
EWCSR1,p3,p3. Number of minutes the interview lasted: Minutes:
EWCSR1,p4,"p4. Number of persons present during the interview, including interviewer."
EWCSR1,p5,p5. Respondent cooperation:
EWCSR1,p6,p6. Size of locality (LOCAL CODES):
EWCSR1,p7,p7. Region (LOCAL CODES):
EWCSR1,p8,p8. Postal code:
EWCSR1,p9,p9. SAMPLE POINT NUMBER:
EWCSR1,p10,p10. INTERVIEWER NUMBER:
EWCSR1,p13,p13. Language of  interview:
EWCSR1,qq,Quality of questionnaire
EWCSR1,p3cat,p3cat
EWCSR1,countID,Country of interview
EWCSR1,countcod,Country of interview - ISO code
EWCSR1,total,total
EWCSR1,age,age
EWCSR1,agesex,agesex
EWCSR1,sampreg,sampreg
EWCSR1,nuts2,nuts2
EWCSR1,isco,Occupation: 1st-level ISCO codes
EWCSR1,q4rec,q4. What is the main activity of the company or organisation where you work?
EWCSR1,nace,Activity of employer: NACE main codes
EWCSR1,UNIQID,UNIQID
EWCSR1,isced,ISCED classification : the highest level of education or training
EWCSR1,income, Average net income  from the main paid job
EWCSR1,q37a_ef,q37a_ef
EWCSR1,q37b_ef,q37b_ef
EWCSR1,q37c_ef,q37c_ef
EWCSR1,q37d_ef,q37d_ef
EWCSR1,q37e_ef,q37e_ef
EWCSR1,q37f_ef,q37f_ef
EWCSR1,hh2b_ef4,hh2b_ef4. Age - Respondent
EWCSR1,hh3_3b_ef4,hh3_3b_ef4. Age - Person 3.
EWCSR1,hh3_4b_ef4,hh3_4b_ef4. Age - Person 4.
EWCSR1,hh3_5b_ef4,hh3_5b_ef4. Age - Person 5.
EWCSR1,hh3_6b_ef4,hh3_6b_ef4. Age - Person 6.
EWCSR1,hh3_7b_ef4,hh3_7b_ef4. Age - Person 7.
EWCSR1,hh3_8b_ef4,hh3_8b_ef4. Age - Person 8.
EWCSR1,hh3_9b_ef4,hh3_9b_ef4. Age - Person 9.
EWCSR1,hh3_10b_ef4,hh3_10b_ef4. Age - Person 10.
EWCSR1,hh2b_ef6,hh2b_ef6. Age - Respondent
EWCSR1,hh3_3b_ef6,hh3_3b_ef6. Age - Person 3.
EWCSR1,hh3_4b_ef6,hh3_4b_ef6. Age - Person 4.
EWCSR1,hh3_5b_ef6,hh3_5b_ef6. Age - Person 5.
EWCSR1,hh3_6b_ef6,hh3_6b_ef6. Age - Person 6.
EWCSR1,hh3_7b_ef6,hh3_7b_ef6. Age - Person 7.
EWCSR1,hh3_8b_ef6,hh3_8b_ef6. Age - Person 8.
EWCSR1,hh3_9b_ef6,hh3_9b_ef6. Age - Person 9.
EWCSR1,hh3_10b_ef6,hh3_10b_ef6. Age - Person 10.
EWCSR1,q2b_ef,q2b_ef. How old were you when you stopped full-time education?
EWCSR1,q2c_ef,q2c_ef. How many years have you been in paid employment since the age at which you stopped full-time education?
EWCSR1,q2d_ef,q2d_ef. How many years have you been in your company or organisation?
EWCSR1,q3c_1_ef,q3c_1_ef. What is the exact duration of the contract in number of years?
EWCSR1,q3c_2_ef,q3c_2_ef. What is the exact duration of the contract in number of months?
EWCSR1,q7_ef,q7_ef. How many people work under your supervision?
EWCSR1,q8a_ef,q8a_ef. How many hours do you usually work per week in your main paid job?
EWCSR1,q9b_ef,q9b_ef. How many hours a week on average do you work in job(s) other than your main paid job?
EWCSR1,q13_ef,"q13_ef. In total, how many minutes per day do you normally spend travelling from home to work and back?"
EWCSR1,q14a_ef,"q14a_ef. Normally, how many times a month do you work at night, for at least 2 hours?"
EWCSR1,q14b_ef,"q14b_ef. How many times a month do you work in the evening, for at least 2 hours?"
EWCSR1,q14c_ef,q14c_ef. How many times a month do you work on Sundays?
EWCSR1,q14d_ef,q14d_ef. How many times a month do you work on Saturdays?
EWCSR1,q14e_ef,q14e_ef. How many times a month do you work more than 10 hours a day?
EWCSR1,q28a_2_ef,"q28a_2_ef. Training paid for or provided by your employer, or by yourself if you are self-employed - number of days:"
EWCSR1,q28b_2_ef,q28b_2_ef. Training paid for by yourself - number of days:
EWCSR1,q34b_ef,q34b_ef. Over the past 12 months how many days in total  were you absent from work for reasons of health problems?
EWCSR1,q34c_1_ef,"q34c_1_ef. Of the days of absence indicated above, how many days were attributable to accident(s) at work:"
EWCSR1,q34c_2_ef,"q34c_2_ef. Of the days of absence indicated above, how many days were attributable to health problems caused by your work:"
EWCSR1,ef4.1a_ef,ef4.1a_ef. How many hours per day are you involved: Voluntary or charitable activity
EWCSR1,ef4.1b_ef,ef4.1b_ef. How many hours per day are you involved: Political/trade union activity
EWCSR1,ef4.1c_ef,ef4.1c_ef. How many hours per day are you involved: Caring for and educating your children
EWCSR1,ef4.1d_ef,ef4.1d_ef. How many hours per day are you involved: Cooking and housework
EWCSR1,ef4.1e_ef,ef4.1e_ef. How many hours per day are you involved: Caring for elderly/disabled relatives
EWCSR1,ef4.1f_ef,ef4.1f_ef. How many hours per day are you involved: Taking a training or education course
EWCSR1,ef4.1g_ef,"ef4.1g_ef. How many hours per day are you involved: Sporting, cultural or leisure activity outside your home"
EWCSR1,w1,Selection probability weight (For Germany only)
EWCSR1,w0,Initial (before trimming) Weight adjusted to size
EWCSR1,w3,Persons in employment in COUNTRY (in thousands)
EWCSR1,w4,Post-stratification weight after trimming
EWCSR1,w5_ewcs,w5_ewcs. Cross national weight: Total sample
EWCSR1,w5_eu25,w5_eu25. Cross national weight: EU-25
EWCSR1,w5_nms,w5_nms. Cross national weight: NMS-10
EWCSR1,w5_eu12,w5_eu12. Cross national weight: EU-12
EWCSR1,w5_ac2,w5_ac2
EWCSR1,w5_cc2,w5_cc2
EWCSR1,w5_eu27,w5_eu27. Cross national weight: EU-27
EWCSR1,q02,COUNTRY CODE
EWCSR1,q04,INTERVIEW NUMBER
EWCSR1,d1r,"D.1. In political matters people talk of ""the left"" and ""the right""."
EWCSR1,d7c1,"D7C: Yes, respondent"
EWCSR1,d7c2,"D7C: Yes, someone else in the household"
EWCSR1,d7c3,D7C: Nobody in the household
EWCSR1,d7c4,D7C: DK
EWCSR1,d8rc1,D8RC: Respondent
EWCSR1,d8rc2,D8RC: Nobody in the household
EWCSR1,d9,D.9. Of which trade union are you a member?
EWCSR1,d10,D.10.  Are you ...?
EWCSR1,d11,D.11. How old were you when you finished your full-time education?
EWCSR1,d12,D.12. SEX
EWCSR1,d13,D.13. How old are you?
EWCSR1,d13r,D.13. How old are you? (REC. 1)
EWCSR1,d13r1,D.13. How old are you? (REC. 2)
EWCSR1,age_90,D.13. How old are you? (REC. 3)
EWCSR1,d14,"D.14. How many people live in your household, including yourself, all adults and children?"
EWCSR1,d15,D.15. How many children under 15 living at home?
EWCSR1,d16,D.16. We would like to analyse the survey results according to the income of the people we interviewed
EWCSR1,d16c,D.16. Here is an income scale; we would like to know in what group your family is
EWCSR1,d17r,D.17. What is your occupation?
EWCSR1,d18r,D.18. Did you do any paid work in the past?
EWCSR1,d19,D.19. Are you/were you in ...?
EWCSR1,d20,D.20. How many paid people are working/were working where you work/worked?
EWCSR1,d21,D.21. How many people are working/were working under your supervision?
EWCSR1,d22,D.22.  Are you the head of the household?
EWCSR1,d23r,D.23. What is the occupation of the head of household?
EWCSR1,d25,"D.25. If you were asked to choose one of these five names for your social class, which would you say you belong to?"
EWCSR1,d26,D.26. Do you live in a house or an apartment? And do you or your family own or rent your home? (SHOW CARD)
EWCSR1,d27,D.27. Would you say you live in a ...?
EWCSR1,d28,D.28. Do you consider yourself as belonging to a particular religion? (IF YES) Which one?
EWCSR1,d29,"D.29. Do you attend religious services several times a week, once a week, a few times a year, once a year or less or never?"
EWCSR1,d30,"D.30. Whether you do or you don't follow religious practices, would you say that you are ...?"
EWCSR1,a1r3,"A.1. (REC. 1) What is the main business-activity of the establishment (factory, office...) where you work?"
EWCSR1,a1r4,"A.1. (REC. 2) What is the main business-activity of the establishment (factory, office...) where you work?"
EWCSR1,a2,Average (A2)
EWCSR1,a2r,A.2. How many hours do you usually work per day?
EWCSR1,a3,Average (A3)
EWCSR1,a3r,A.3. How many hours do you usually work per week?
EWCSR1,a4,"A.4. Do you work shifts (that is sometimes working mornings, sometimes afternoons or sometimes nights)?"
EWCSR1,a5,"A.5. Do you use machines, or equipment that could be dangerous? (SHOW CARD)"
EWCSR1,a6,A.6. Would you say that your professional activity affects or could affect your health?
EWCSR1,a7c01,"A7C: Difficult, tiring for the eyes"
EWCSR1,a7c02,A7C: Stressful
EWCSR1,a7c03,A7C: Tiring/painful for the ears
EWCSR1,a7c04,A7C: Muscular pains in the limbs (arms or legs)
EWCSR1,a7c05,A7C: Backache
EWCSR1,a7c06,A7C: Breathing difficulties (e.g. lack of air/polluted air/dangerous substances)
EWCSR1,a7c07,"A7C: Overall tiredness, work that is too tiring"
EWCSR1,a7c08,A7C: Skin problems
EWCSR1,a7c09,A7C: Personal problems at the workplace
EWCSR1,a7c10,A7C: Other
EWCSR1,a7c11,A7C: DK
EWCSR1,a8,A.8. Do you think that your work makes you run the risk of accident or injury?
EWCSR1,a9c01,A9C: Explosion
EWCSR1,a9c02,A9C: Poisoning/polluted environment
EWCSR1,a9c03,A9C: Cutting yourself
EWCSR1,a9c04,A9C: Burning yourself
EWCSR1,a9c05,A9C: Drowning
EWCSR1,a9c06,A9C: Falling
EWCSR1,a9c07,A9C: Being crushed
EWCSR1,a9c08,A9C: Hurting yourself by carrying heavy weights
EWCSR1,a9c09,A9C: Electrocution
EWCSR1,a9c10,A9C: Falling objects
EWCSR1,a9c11,A9C: Traffic accidents (excluding travelling to and from work)
EWCSR1,a9c12,A9C: Other types of danger
EWCSR1,a9c13,A9C: DK
EWCSR1,a10_1,A.10. a) Noise so loud that you would have to raise your voice to talk to people
EWCSR1,a10_2,"A.10. b) Bad weather conditions such as rain, wind, snow, ..."
EWCSR1,a10_3,A.10. c) Heat or cold either indoors or outdoors
EWCSR1,a10_4,"A.10. d) Breathing in vapours, fumes, dust or dangerous substances"
EWCSR1,a10_5,A.10. e) Handling and/or touching dangerous substances or materials
EWCSR1,a11_1,A.11. a) Painful or tiring positions
EWCSR1,a11_2,A.11. b) Carrying or moving heavy loads
EWCSR1,a11_3,A.11. c) Working at a very high speed
EWCSR1,a11_4,A.11. d) Working to tight deadlines
EWCSR1,a11_5,A.11. e) Carrying out short repetitive tasks
EWCSR1,a11_6,A.11. f) Using computer equipment
EWCSR1,a11_7,A.11. g) Working at night
EWCSR1,a12_1,A.12. a) Your order of tasks or your methods of work
EWCSR1,a12_2,A.12. b) Your speed or rate of work
EWCSR1,q13_1,A.13. a) Clear and adequate information
EWCSR1,q13_2,A.13. b) Sufficient training and experience
EWCSR1,q13_3,A.13. c) Appropriate machines and tools
EWCSR1,q13_4,A.13. d) Appropriate premises and furniture
EWCSR1,q13_5,A.13. e) Sufficient support from superiors or colleagues
EWCSR1,a14,A.14. Do your wages or income depend on your own work rate?
EWCSR1,a15,A.15. Do you know any colleagues who suffer from work-related illnesses or who have had an accident at work?
EWCSR1,a16,A.16. Do you think your health or safety is at risk because of your work?
EWCSR1,a17,"A.17. Do you yourself have, or have you had, any recognised work-related illness or accident?"
EWCSR1,a18,A.18. Average
EWCSR1,a18r,A.18. (IF YES AT A17) How many accidents at work have you had that resulted in stopping work for more than one week?
EWCSR1,a19,"A.19. How satisfied are you with the actions taken to ensure the safety, hygiene and health of people at your current place of work?"
EWCSR1,a20,"A.20. Do you think that an improvement of safety, hygiene and health standards at your place of work"
EWCSR1,a21,"A.21. Do you know any person who is responsible for safety, hygiene or health where you work?"
EWCSR1,a22,"A.22. Would you say you are very well informed, quite well informed, quite badly informed"
EWCSR1,a23,"A.23. Have you had a training course concerning safety, hygiene or health, for your current job?"
EWCSR1,a24,A.24. Have you ever had the chance to give an opinion or make suggestions about improving safety
EWCSR1,a25,"A.25. Over the past 10 years, have you changed job in order to seek a healthier or safer job?"
EWCSR1,a26,A.26. Do you think that work-related illnesses and accidents at work are (IN YOUR COUNTRY) ... ?
EWCSR1,a27,"A.27. And at your workplace, do you think that work-related illnesses and accidents are ... ?"
EWCSR1,a28a,A.28. a) MAINLY
EWCSR1,a28bc1,A28BC: The company
EWCSR1,a28bc2,A28BC: The government
EWCSR1,a28bc3,A28BC: The European Community
EWCSR1,a28bc4,A28BC: Each worker
EWCSR1,a28bc5,A28BC: DK
EWCSR1,a29,"A.29. Have you read, seen or heard anything about the activities of the European Community in the field of safety"
EWCSR1,a30c01,A30C: Television
EWCSR1,a30c02,A30C: Radio
EWCSR1,a30c03,A30C: Newspapers
EWCSR1,a30c04,A30C: Magazines
EWCSR1,a30c05,A30C: Specialists press
EWCSR1,a30c06,A30C: Your company
EWCSR1,a30c07,A30C: Worker's organisations
EWCSR1,a30c08,A30C: Employer's organisations
EWCSR1,a30c09,A30C: At school
EWCSR1,a30c10,A30C: Other sources
EWCSR1,a30c11,A30C: DK
EWCSR1,a31,A.31. Would you like to receive more information on the actions of the European Community
EWCSR1,a32,A.32. Would you be for or aginst the application of common legislation in all the countries of the European Community
EWCSR1,a33ac01,A33AC: Belgium
EWCSR1,a33ac02,A33AC: Denmark
EWCSR1,a33ac03,A33AC: Germany (ex-BRD)
EWCSR1,a33ac04,A33AC: Germany (ex-DDR)
EWCSR1,a33ac05,A33AC: Greece
EWCSR1,a33ac06,A33AC: Spain
EWCSR1,a33ac07,A33AC: France
EWCSR1,a33ac08,A33AC: Ireland
EWCSR1,a33ac09,A33AC: Italy
EWCSR1,a33ac10,A33AC: the Netherlands
EWCSR1,a33ac11,A33AC: Luxembourg
EWCSR1,a33ac12,A33AC: Portugal
EWCSR1,a33ac13,A33AC: United Kingdom
EWCSR1,a33ac14,A33AC: DK
EWCSR1,a33bc01,A33BC: Belgium
EWCSR1,a33bc02,A33BC: Denmark
EWCSR1,a33bc03,A33BC: Germany (ex-BRD)
EWCSR1,a33bc04,A33BC: Germany (ex-DDR)
EWCSR1,a33bc05,A33BC: Greece
EWCSR1,a33bc06,A33BC: Spain
EWCSR1,a33bc07,A33BC: France
EWCSR1,a33bc08,A33BC: Ireland
EWCSR1,a33bc09,A33BC: Italy
EWCSR1,a33bc10,A33BC: the Netherlands
EWCSR1,a33bc11,A33BC: Luxembourg
EWCSR1,a33bc12,A33BC: Portugal
EWCSR1,a33bc13,A33BC: United Kingdom
EWCSR1,a33bc14,A33BC: DK
EWCSR1,a34,A.34. Here is a statement that some people have made about this subject.
EWCSR1,p1_1_90,Day
EWCSR1,p1_2_90,Month
EWCSR1,p2r,P.2. Time of the beginning of the interview
EWCSR1,p3r,P.3. Number of minutes the interview lasted
EWCSR1,p4_90,P.4. Number of persons present during the interview
EWCSR1,p5_90,P.5. Respondent cooperation
EWCSR1,p6_90,P.6. Size of locality (LOCAL CODES)
EWCSR1,p7_90,P.7. Region (SEE LOCAL CODES)
EWCSR1,p11,P.11 - WEIGHTING FACTOR
EWCSR1,country,COUNTRIES
EWCSR1,v0096,COUNTRIES
EWCSR1,countr2,COUNTRIES
EWCSR1,v0098,V0098: EC 12+
EWCSR1,eu12,EU12: EC 12
EWCSR1,eu10,EU10: EC 10
EWCSR1,euro6,EURO6: EC 6
EWCSR1,bel,BEL: TOTAL
EWCSR1,den,DEN: TOTAL
EWCSR1,wge,WGE: TOTAL
EWCSR1,gre,GRE: TOTAL
EWCSR1,ita,ITA: TOTAL
EWCSR1,spa,SPA: TOTAL
EWCSR1,fra,FRA: TOTAL
EWCSR1,irl,IRL: TOTAL
EWCSR1,lux,LUX: TOTAL
EWCSR1,net,NET: TOTAL
EWCSR1,por,POR: TOTAL
EWCSR1,uk,UK: TOTAL
EWCSR1,ege,EGE: TOTAL
EWCSR1,ger,GER: TOTAL
EWCSR1,nir,NIR: TOTAL
EWCSR1,gb,GB: TOTAL
EWCSR1,v0118,V0118: BE EB35.0
EWCSR1,v0119,V0119: DK EB35.0
EWCSR1,v0120,V0120: WG EB35.0
EWCSR1,v0121,V0121: GR EB35.0
EWCSR1,v0122,V0122: IT EB35.0
EWCSR1,v0123,V0123: SP EB35.0
EWCSR1,v0124,V0124: FR EB35.0
EWCSR1,v0125,V0125: IR EB35.0
EWCSR1,v0126,V0126: LU EB35.0
EWCSR1,v0127,V0127: NL EB35.0
EWCSR1,v0128,V0128: PO EB35.0
EWCSR1,uk_350,UK_350: UK EB35.0
EWCSR1,v0130,V0130: EG EB35.0
EWCSR1,v0131,V0131: GE EB35.0
EWCSR1,v0132,V0132: NI EB35.0
EWCSR1,gb_350,GB_350: GB EB35.0
EWCSR1,v0134,V0134: E12+ EB35.0
EWCSR1,v0135,V0135: BELGIQUE
EWCSR1,v0136,V0136: DANMARK
EWCSR1,v0137,V0137: WESTDEUTSCHLAND
EWCSR1,v0138,V0138: DEUTSCHLAND GESAMT
EWCSR1,v0139,V0139: OSTDEUTSCHLAND
EWCSR1,v0140,V0140: ELLAS
EWCSR1,v0141,V0141: ESPAÑA
EWCSR1,v0142,V0142: FRANCE
EWCSR1,v0143,V0143: IRELAND
EWCSR1,v0144,V0144: ITALIA
EWCSR1,v0145,V0145: G.-D. LUXEMBOURG
EWCSR1,v0146,V0146: NEDERLAND
EWCSR1,v0147,V0147: PORTUGAL
EWCSR1,v0148,V0148: UNITED KINGDOM
EWCSR1,weightp,WEIGHT RESULT FROM TARGET
EWCSR1,weights,WEIGHT ADJUSTED TO STANDARD SIZE
EWCSR1,weight3p,WEIGHT EUROPE 12 +
EWCSR1,v0152,WEIGHT SPECIAL GERMANY
EWCSR1,weight1,WEIGHT SPECIAL UNITED KINGDOM
EWCSR1,weight2,WEIGHT EURO 10
EWCSR1,weight3,WEIGHT EURO 12
EWCSR1,weight6,WEIGHT EURO 6
EWCSR1,weighta,WEIGHT A
EWCSR1,v0158,WEIGHT A
EWCSR1,v0159,WEIGHT A
EWCSR1,v0160,WEIGHT A
EWCSR1,v0161,WEIGHT A
EWCSR1,v0162,WEIGHT A
EWCSR1,v0163,WEIGHT A
EWCSR1,a3rr,a3rr
EWCSR1,ed6b,ed6b
EWCSR1,w00,w00
EWCSR1,agsex,agsex
EWCSR1,nac,nac
EWCSR1,wst,wst
EWCSR1,wor,wor
EWCSR1,w4_new,New weights
EWCSR2,id,respondent id
EWCSR2,hh1,hh1.How many people live in this household?
EWCSR2,hh2a,hh2a. Sex - Respondent
EWCSR2,hh2b,hh2b. Age - Respondent
EWCSR2,hh2d,hh2d. Economic status - Respondent
EWCSR2,hh3_2a,hh3_2a. Sex - Person 2.
EWCSR2,hh3_2b,hh3_2b. Age - Person 2.
EWCSR2,hh3_2c,hh3_2c. Relationship to respondent - Person 2.
EWCSR2,hh3_2d,hh3_2d. Economic status - Person 2.
EWCSR2,hh3_3a,hh3_3a. Sex - Person 3.
EWCSR2,hh3_3b,hh3_3b. Age - Person 3.
EWCSR2,hh3_3c,hh3_3c. Relationship to respondent - Person 3.
EWCSR2,hh3_3d,hh3_3d. Economic status - Person 3.
EWCSR2,hh3_4a,hh3_4a. Sex - Person 4.
EWCSR2,hh3_4b,hh3_4b. Age - Person 4.
EWCSR2,hh3_4c,hh3_4c. Relationship to respondent - Person 4.
EWCSR2,hh3_4d,hh3_4d. Economic status - Person 4.
EWCSR2,hh3_5a,hh3_5a. Sex - Person 5.
EWCSR2,hh3_5b,hh3_5b. Age - Person 5.
EWCSR2,hh3_5c,hh3_5c. Relationship to respondent - Person 5.
EWCSR2,hh3_5d,hh3_5d. Economic status - Person 5.
EWCSR2,hh3_6a,hh3_6a. Sex - Person 6.
EWCSR2,hh3_6b,hh3_6b. Age - Person 6.
EWCSR2,hh3_6c,hh3_6c. Relationship to respondent - Person 6.
EWCSR2,hh3_6d,hh3_6d. Economic status - Person 6.
EWCSR2,hh3_7a,hh3_7a. Sex - Person 7.
EWCSR2,hh3_7b,hh3_7b. Age - Person 7.
EWCSR2,hh3_7c,hh3_7c. Relationship to respondent - Person 7.
EWCSR2,hh3_7d,hh3_7d. Economic status - Person 7.
EWCSR2,hh3_8a,hh3_8a. Sex - Person 8.
EWCSR2,hh3_8b,hh3_8b. Age - Person 8.
EWCSR2,hh3_8c,hh3_8c. Relationship to respondent - Person 8.
EWCSR2,hh3_8d,hh3_8d. Economic status - Person 8.
EWCSR2,hh3_9a,hh3_9a. Sex - Person 9.
EWCSR2,hh3_9b,hh3_9b. Age - Person 9.
EWCSR2,hh3_9c,hh3_9c. Relationship to respondent - Person 9.
EWCSR2,hh3_9d,hh3_9d. Economic status - Person 9.
EWCSR2,hh3_10a,hh3_10a. Sex - Person 10.
EWCSR2,hh3_10b,hh3_10b. Age - Person 10.
EWCSR2,hh3_10c,hh3_10c. Relationship to respondent - Person 10.
EWCSR2,hh3_10d,hh3_10d. Economic status - Person 10.
EWCSR2,q1a,Q1a. Are you a citizen of  country?
EWCSR2,q1b,q1b. Are you a citizen of ?
EWCSR2,q2a,q2a. What is the title of your main paid job?
EWCSR2,q2b,q2b. How old were you when you stopped full-time education?
EWCSR2,q2c,q2c. How many years have you been in paid employment since the age at which you stopped full-time education?
EWCSR2,q2d,q2d. How many years have you been in your company or organisation?
EWCSR2,q3a,q3a. Are you mainly ... ?
EWCSR2,q3b,q3b. What kind of employment contract do you have?
EWCSR2,q3c_1,q3c_1. What is the exact duration of the contract in number of years?
EWCSR2,q3c_2,q3c_2. What is the exact duration of the contract in number of months?
EWCSR2,q4,q4. What is the main activity of the company or organisation where you work?
EWCSR2,q5,q5. Are you working in the ?
EWCSR2,q6,q6. How many people in total work in the local unit of the establishment where you work?
EWCSR2,q7,q7. How many people work under your supervision?
EWCSR2,q8a,q8a. How many hours do you usually work per week in your main paid job?
EWCSR2,q8b,q8b. How many days per week do you usually work in your main paid job?
EWCSR2,q9a,"q9a. Besides your main paid job, do you have any other paid job(s)?"
EWCSR2,q9b,q9b. How many hours a week on average do you work in job(s) other than your main paid job?
EWCSR2,q10a,"q10a. Are you exposed at work to - vibrations from hand tools, machinery, etc.?"
EWCSR2,q10b,q10b. Are you exposed at work to - noise so loud that you would have to raise your voice to talk to people?
EWCSR2,q10c,q10c. Are you exposed at work to - high temperatures which make you perspire even when not working?
EWCSR2,q10d,q10d. Are you exposed at work to - low temperatures whether indoors or outdoors?
EWCSR2,q10e,"q10e. Are you exposed at work to - breathing in smoke, fumes, powder or dust etc.?"
EWCSR2,q10f,q10f. Are you exposed at work to - breathing in vapours such as solvents and thinners?
EWCSR2,q10g,q10g. Are you exposed at work to - handling or being in skin contact with chemical products or  substances?
EWCSR2,q10h,"q10h. Are you exposed at work to - radiation such as X rays, radioactive radiation, welding light, laser beams?"
EWCSR2,q10i,q10i. Are you exposed at work to - tobacco smoke from other people?
EWCSR2,q10j,q10j. Are you exposed at work to - handling or being in direct contact with materials which can be infectious?
EWCSR2,q11a,q11a. Does your main paid job involve - tiring or painful positions?
EWCSR2,q11b,q11b. Does your main paid job involve - lifting or moving people?
EWCSR2,q11c,q11c. Does your main paid job involve - carrying or moving heavy loads?
EWCSR2,q11d,q11d. Does your main paid job involve - standing or walking?
EWCSR2,q11e,q11e. Does your main paid job involve - repetitive hand or arm movements?
EWCSR2,q11f,q11f. Does your main paid job involve - working at company/organisation premise?
EWCSR2,q11g,q11g. Does your main paid job involve - teleworking from home with a PC?
EWCSR2,q11h,"q11h. Does your main paid job involve - working at home, excluding telework?"
EWCSR2,q11i,q11i. Does your main paid job involve - working in places other than home or company/organisation premises?
EWCSR2,q11j,q11j. Does your main paid job involve - dealing directly with people who are not employees at your workplace?
EWCSR2,q11k,"q11k. Does your main paid job involve - working with computers: PCs, network, mainframe?"
EWCSR2,q11l,q11l. Does your main paid job involve - using internet/email for professional purposes?
EWCSR2,q11m,q11m. Does your main paid job involve - wearing personal protective clothing or equipment?
EWCSR2,q12,"q12. Regarding the health and safety risks related to performance of your job, how well informed would you say you are?"
EWCSR2,q13,"q13. In total, how many minutes per day do you normally spend travelling from home to work and back?"
EWCSR2,q14a,"q14a. Normally, how many times a month do you work at night, for at least 2 hours?"
EWCSR2,q14b,"q14b. How many times a month do you work in the evening, for at least 2 hours?"
EWCSR2,q14c,q14c. How many times a month do you work on Sundays?
EWCSR2,q14d,q14d. How many times a month do you work on Saturdays?
EWCSR2,q14e,q14e. How many times a month do you work more than 10 hours a day?
EWCSR2,q15a,q15a. Do you work part-time or full-time?
EWCSR2,q15b,q15b. Would you like to work...?
EWCSR2,q16a_a,q16a_a. Do you work the same number of hours every day?
EWCSR2,q16a_b,q16a_b. Do you work the same number of days every week?
EWCSR2,q16a_c,q16a_c. Do you work fixed starting and finishing times?
EWCSR2,q16a_d,q16a_d. Do you work shifts?
EWCSR2,q16b,q16b. Do you work ...?
EWCSR2,q17a,q17a. How are your working time arrangements set?
EWCSR2,q17b,q17b. Do changes to your work schedule occur regularly? (IF YES) How long before are you informed about these changes?
EWCSR2,q18,"q18. Do your working hours fit in with your family or social commitments outside work very well, well, not very well or not at all well?"
EWCSR2,q19,"q19. In the past twelve months, have you been contacted, in matters concerning your main paid job outside your normal working hours?"
EWCSR2,q20a_a,q20a_a. Does your job involve short repetitive tasks of less than 1 minute?
EWCSR2,q20a_b,q20a_b. Does your job involve short repetitive tasks of less than 10 minutes?
EWCSR2,q20b_a,q20b_a. Does your job involve working at very high speed?
EWCSR2,q20b_b,q20b_b. Does your job involve working to tight deadlines?
EWCSR2,q21a,q21a. Is your pace of work dependent on the work done by colleagues?
EWCSR2,q21b,q21b. Is your pace of work dependent on direct demands from people?
EWCSR2,q21c,q21c. Is your pace of work dependent on numerical production targets or performance targets?
EWCSR2,q21d,q21d. Is your pace of work dependent on automatic speed of a machine or movement of a product?
EWCSR2,q21e,q21e. Is your pace of work dependent on the direct control of your boss?
EWCSR2,q22a,q22a. How often do you have to interrupt a task you are doing in order to take on an unforeseen task?
EWCSR2,q22b,"q22b. For your work, are these interruptions ..."
EWCSR2,q23a,q23a. Does your main paid job involve: meeting precise quality standards?
EWCSR2,q23b,q23b. Does your main paid job involve: assessing yourself the quality of your own work?
EWCSR2,q23c,q23c. Does your main paid job involve: solving unforeseen problems on your own?
EWCSR2,q23d,q23d. Does your main paid job involve: monotonous tasks?
EWCSR2,q23e,q23e. Does your main paid job involve: complex tasks?
EWCSR2,q23f,q23f. Does your main paid job involve: learning new things?
EWCSR2,q24a,q24a. Are you able to choose or change your order of tasks?
EWCSR2,q24b,q24b. Are you able to choose or change your methods of work?
EWCSR2,q24c,q24c. Are you able to choose or change your speed or rate of work?
EWCSR2,q25a,q25a. You can get assistance from colleagues if you ask for it.
EWCSR2,q25b,q25b. You can get assistance from your superiors/boss if you ask for it.
EWCSR2,q25c,q25c. You can get external assistance if you ask for it.
EWCSR2,q25d,q25d. You have influence over the choice of your working partners.
EWCSR2,q25e,q25e. You can take your break when you wish.
EWCSR2,q25f,q25f. You have enough time to get the job done.
EWCSR2,q25g,q25g. You are free to decide when to take holidays or days off.
EWCSR2,q25h,"q25h. At work, you have the opportunity to do what you do best."
EWCSR2,q25i,q25i. Your job gives you the feeling of work well done.
EWCSR2,q25j,q25j. You are able to apply your own ideas in your work.
EWCSR2,q25k,q25k. You have the feeling of doing useful work.
EWCSR2,q25l,q25l. You find your job intellectually demanding.
EWCSR2,q25m,q25m. You find your job emotionally demanding.
EWCSR2,q26a,q26a. Does your job involve rotating tasks between yourself and colleagues?
EWCSR2,q26a_1,q26a_1. Do the tasks require different skills?
EWCSR2,q26a_2a,q26a_2a. Your boss/manager decides the division of the tasks?
EWCSR2,q26a_2b,q26a_2b. Decided by people the division of the tasks who are rotating tasks?
EWCSR2,q26b,q26b. Does your job involve doing all or part of your work in a team?
EWCSR2,q26b_1a,q26b_1a. Do the members of the team decide by themselves on the division of tasks?
EWCSR2,q26b_1b,q26b_1b. Do the members of the team decide by themselves who will be head of the team?
EWCSR2,q27,q27. Which of the following alternatives would best describe your skills in your own work?
EWCSR2,q28a_1,"q28a_1. Have you undergone: Training paid for or provided by your employer, or by yourself if you are self-employed?"
EWCSR2,q28a_2,"q28a_2. Training paid for or provided by your employer, or by yourself if you are self-employed - number of days:"
EWCSR2,q28b_1,q28b_1. Have you undergone: Training paid for by yourself?
EWCSR2,q28b_2,q28b_2. Training paid for by yourself - number of days:
EWCSR2,q28c,q28c. Have you undergone: On-the-job training?
EWCSR2,q28d,q28d. Have you undergone: Other forms of on-site training and learning?
EWCSR2,q28e,q28e. Have you undergone: Other?
EWCSR2,q29a,q29a. Have you personally been subjected at work to threats of physical violence?
EWCSR2,q29b,q29b. Have you personally been subjected at work to physical violence from people from your workplace?
EWCSR2,q29c,q29c. Have you personally been subjected at work to physical violence from other people?
EWCSR2,q29d,q29d. Have you personally been subjected at work to bullying/harassment?
EWCSR2,q29e,q29e. Have you personally been subjected at work to sexual discrimination/discrimination linked to gender?
EWCSR2,q29f,q29f. Have you personally been subjected at work to unwanted sexual attention?
EWCSR2,q29g,q29g. Have you personally been subjected at work to age discrimination?
EWCSR2,q29h,q29h. Have you personally been subjected at work to discrimination linked to nationality?
EWCSR2,q29i,q29i. Have you personally been subjected at work to discrimination linked to ethnic background?
EWCSR2,q29j,q29j. Have you personally been subjected at work to discrimination linked to religion?
EWCSR2,q29k,q29k. Have you personally been subjected at work to discrimination linked to disability?
EWCSR2,q29l,q29l. Have you personally been subjected at work to discrimination linked to sexual orientation?
EWCSR2,q30a,q30a. Over the past 12 months have you had a frank discussion with your boss about your work performance?
EWCSR2,q30b,q30b. Over the past 12 months have you been consulted about changes in the organisation of work and/or your working conditions?
EWCSR2,q30c,q30c. Over the past 12 months have you been subject to regular formal assessment of your work performance?
EWCSR2,q30d,q30d. Over the past 12 months have you discussed work-related problems with your boss?
EWCSR2,q30e,q30e. Over the past 12 months have you discussed work-related problems with an employee representative?
EWCSR2,q31,q31. Is your immediate boss a man or a woman?
EWCSR2,q32,q32. Do you think your health or safety is at risk because of your work?
EWCSR2,q33,"q33. Does your work affect your health, or not?"
EWCSR2,q33a_a,q33a_a. Does your work affect your health: hearing problems?
EWCSR2,q33a_b,q33a_b. Does your work affect your health: problems with your vision?
EWCSR2,q33a_c,q33a_c. Does your work affect your health: skin problems?
EWCSR2,q33a_d,q33a_d. Does your work affect your health: backache?
EWCSR2,q33a_e,q33a_e. Does your work affect your health: headaches?
EWCSR2,q33a_f,q33a_f. Does your work affect your health: stomach ache?
EWCSR2,q33a_g,q33a_g. Does your work affect your health: muscular pains?
EWCSR2,q33a_h,q33a_h. Does your work affect your health: respiratory difficulties?
EWCSR2,q33a_i,q33a_i. Does your work affect your health: heart disease?
EWCSR2,q33a_j,q33a_j. Does your work affect your health: injury(ies)?
EWCSR2,q33a_k,q33a_k. Does your work affect your health: stress?
EWCSR2,q33a_l,q33a_l. Does your work affect your health: overall fatigue?
EWCSR2,q33a_m,q33a_m. Does your work affect your health: sleeping problems?
EWCSR2,q33a_n,q33a_n. Does your work affect your health: allergies?
EWCSR2,q33a_o,q33a_o. Does your work affect your health: anxiety?
EWCSR2,q33a_p,q33a_p. Does your work affect your health: irritability?
EWCSR2,q33a_q,q33a_q. Does your work affect your health: other?
EWCSR2,q34a_a,"q34a_a. In your main paid job, over the past twelve months, have you been absent for maternity or paternity leave?"
EWCSR2,q34a_b,"q34a_b. In your main paid job, over the past twelve months, have you been absent for educational leave?"
EWCSR2,q34a_c,"q34a_c. In your main paid job, over the past twelve months, have you been absent for family-related leave?"
EWCSR2,q34a_d,"q34a_d. In your main paid job, over the past twelve months, have you been absent for health problems?"
EWCSR2,q34a_e,"q34a_e. In your main paid job, over the past twelve months, have you been absent for other reasons?"
EWCSR2,q34b,q34b. Over the past 12 months how many days in total  were you absent from work for reasons of health problems?
EWCSR2,q34c_1,"q34c_1. Of the days of absence indicated above, how many days were attributable to accident(s) at work:"
EWCSR2,q34c_2,"q34c_2. Of the days of absence indicated above, how many days were attributable to health problems caused by your work:"
EWCSR2,q35,q35. Do you think you will be able to do the same job you are doing now when you are 60 years old?
EWCSR2,q36,"q36. Are you very satisfied, satisfied, not very satisfied or not at all satisfied with working conditions in your main paid job?"
EWCSR2,q37a,q37a. I might lose my job in the next 6 months.
EWCSR2,q37b,q37b. I am well paid for the work I do.
EWCSR2,q37c,q37c. My job offers good prospects for career advancement.
EWCSR2,q37d,q37d. I feel myself 'at home' in this organisation.
EWCSR2,q37e,"q37e. At work, I have opportunities to learn and grow."
EWCSR2,q37f,q37f. I have very good friends at work.
EWCSR2,ef1,ef1. What is the highest level of education that you have successfully completed?
EWCSR2,ef3,"ef3. Are you, in your household, the person who contributes most to the household income?"
EWCSR2,ef4a,ef4a. How often are you involved: Voluntary or charitable activity
EWCSR2,ef4.1a,ef4.1a. How many hours per day are you involved: Voluntary or charitable activity
EWCSR2,ef4b,ef4b. How often are you involved: Political/trade union activity
EWCSR2,ef4.1b,ef4.1b. How many hours per day are you involved: Political/trade union activity
EWCSR2,ef4c,ef4c. How often are you involved: Caring for and educating your children
EWCSR2,ef4.1c,ef4.1c. How many hours per day are you involved: Caring for and educating your children
EWCSR2,ef4d,ef4d. How often are you involved: Cooking and housework
EWCSR2,ef4.1d,ef4.1d. How many hours per day are you involved: Cooking and housework
EWCSR2,ef4e,ef4e. How often are you involved: Caring for elderly/disabled relatives
EWCSR2,ef4.1e,ef4.1e. How many hours per day are you involved: Caring for elderly/disabled relatives
EWCSR2,ef4f,ef4f. How often are you involved: Taking a training or education course
EWCSR2,ef4.1f,ef4.1f. How many hours per day are you involved: Taking a training or education course
EWCSR2,ef4g,"ef4g. How often are you involved: Sporting, cultural or leisure activity outside your home"
EWCSR2,ef4.1g,"ef4.1g. How many hours per day are you involved: Sporting, cultural or leisure activity outside your home"
EWCSR2,ef5,"ef5. Presently, what is on average your net monthly income from your main paid job?"
EWCSR2,ef6a,ef6a. What does your remuneration include: Basic fixed salary/wage?
EWCSR2,ef6b,ef6b. What does your remuneration include: Piece rate or productivity payments?
EWCSR2,ef6c,ef6c. What does your remuneration include: Extra payments for additional hours of work/overtime?
EWCSR2,ef6d,ef6d. What does your remuneration include: Extra payments compensating for bad or dangerous working conditions?
EWCSR2,ef6e,ef6e. What does your remuneration include: Extra payments compensating for Sunday work?
EWCSR2,ef6f,ef6f. What does your remuneration include: Other extra payments?
EWCSR2,ef6g,ef6g. What does your remuneration include: Payments based on the overall performance of the company where you work?
EWCSR2,ef6h,ef6h. What does your remuneration include: Payments based on the overall performance of a group?
EWCSR2,ef6i,ef6i. What does your remuneration include: Income from shares in the company your work for?
EWCSR2,ef6j,ef6j. What does your remuneration include: Advantages of other nature?
EWCSR2,ef6k,ef6k. What does your remuneration include: Other?
EWCSR2,ef6g_1,ef6g_1. Are the payments  based on the overall performance of the company calculated according to a predefined formula?
EWCSR2,ef6g_2,ef6g_2.  do you receive these payments on a regular basis?
EWCSR2,ef6h_1,ef6h_1.  Are the payments based on the overall performance of a group calculated according to a predefined formula?
EWCSR2,ef6h_2,ef6h_2. - do you receive these payments on a regular basis?
EWCSR2,ef7a,"ef7a. What does your remuneration include: Income from self-employment such as own business, profession or farm?"
EWCSR2,ef7b,ef7b. What does your remuneration include: Payments based on the overall performance of the company where you work?
EWCSR2,ef7c,ef7c. What does your remuneration include: Payments based on the overall performance of a group?
EWCSR2,ef7d,ef7d. What does your remuneration include: Income from shares in the company your work for?
EWCSR2,ef7e,ef7e. What does your remuneration include: Other?
EWCSR2,ef7b_1,ef7b_1. Are these payments based on the overall performance of the company calculated according to a predefined formula?
EWCSR2,ef7b_2,ef7b_2.  do you receive these payments on a regular basis?
EWCSR2,ef7c_1,ef7c_1. are these payments calculated according to a predefined formula?
EWCSR2,ef7c_2,ef7c_2.  do you receive these payments on a regular basis?
EWCSR2,p12a,p12a. Fixed telephone available in the household?
EWCSR2,p12b,p12b. Mobile  telephone available in the household?
EWCSR2,p14,p14. Would you be willing to participate in such a follow-up Interviewers?
EWCSR2,p1_1,p1_1. Date of the interview: Day:
EWCSR2,p1_2,p1_2. Date of the interview: Month:
EWCSR2,p2_1,p2_1. Time of the beginning of the interview: Hour:
EWCSR2,p2_2,p2_2. Time of the beginning of the interview: Minutes:
EWCSR2,p3,p3. Number of minutes the interview lasted: Minutes:
EWCSR2,p4,"p4. Number of persons present during the interview, including interviewer."
EWCSR2,p5,p5. Respondent cooperation:
EWCSR2,p6,p6. Size of locality (LOCAL CODES):
EWCSR2,p7,p7. Region (LOCAL CODES):
EWCSR2,p8,p8. Postal code:
EWCSR2,p9,p9. SAMPLE POINT NUMBER:
EWCSR2,p10,p10. INTERVIEWER NUMBER:
EWCSR2,p13,p13. Language of  interview:
EWCSR2,qq,Quality of questionnaire
EWCSR2,p3cat,p3cat
EWCSR2,countID,Country of interview
EWCSR2,countcod,Country of interview - ISO code
EWCSR2,total,total
EWCSR2,age,age
EWCSR2,agesex,agesex
EWCSR2,sampreg,sampreg
EWCSR2,nuts2,nuts2
EWCSR2,isco,Occupation: 1st-level ISCO codes
EWCSR2,q4rec,q4. What is the main activity of the company or organisation where you work?
EWCSR2,nace,Activity of employer: NACE main codes
EWCSR2,UNIQID,UNIQID
EWCSR2,isced,ISCED classification : the highest level of education or training
EWCSR2,income, Average net income  from the main paid job
EWCSR2,q37a_ef,q37a_ef
EWCSR2,q37b_ef,q37b_ef
EWCSR2,q37c_ef,q37c_ef
EWCSR2,q37d_ef,q37d_ef
EWCSR2,q37e_ef,q37e_ef
EWCSR2,q37f_ef,q37f_ef
EWCSR2,hh2b_ef4,hh2b_ef4. Age - Respondent
EWCSR2,hh3_3b_ef4,hh3_3b_ef4. Age - Person 3.
EWCSR2,hh3_4b_ef4,hh3_4b_ef4. Age - Person 4.
EWCSR2,hh3_5b_ef4,hh3_5b_ef4. Age - Person 5.
EWCSR2,hh3_6b_ef4,hh3_6b_ef4. Age - Person 6.
EWCSR2,hh3_7b_ef4,hh3_7b_ef4. Age - Person 7.
EWCSR2,hh3_8b_ef4,hh3_8b_ef4. Age - Person 8.
EWCSR2,hh3_9b_ef4,hh3_9b_ef4. Age - Person 9.
EWCSR2,hh3_10b_ef4,hh3_10b_ef4. Age - Person 10.
EWCSR2,hh2b_ef6,hh2b_ef6. Age - Respondent
EWCSR2,hh3_3b_ef6,hh3_3b_ef6. Age - Person 3.
EWCSR2,hh3_4b_ef6,hh3_4b_ef6. Age - Person 4.
EWCSR2,hh3_5b_ef6,hh3_5b_ef6. Age - Person 5.
EWCSR2,hh3_6b_ef6,hh3_6b_ef6. Age - Person 6.
EWCSR2,hh3_7b_ef6,hh3_7b_ef6. Age - Person 7.
EWCSR2,hh3_8b_ef6,hh3_8b_ef6. Age - Person 8.
EWCSR2,hh3_9b_ef6,hh3_9b_ef6. Age - Person 9.
EWCSR2,hh3_10b_ef6,hh3_10b_ef6. Age - Person 10.
EWCSR2,q2b_ef,q2b_ef. How old were you when you stopped full-time education?
EWCSR2,q2c_ef,q2c_ef. How many years have you been in paid employment since the age at which you stopped full-time education?
EWCSR2,q2d_ef,q2d_ef. How many years have you been in your company or organisation?
EWCSR2,q3c_1_ef,q3c_1_ef. What is the exact duration of the contract in number of years?
EWCSR2,q3c_2_ef,q3c_2_ef. What is the exact duration of the contract in number of months?
EWCSR2,q7_ef,q7_ef. How many people work under your supervision?
EWCSR2,q8a_ef,q8a_ef. How many hours do you usually work per week in your main paid job?
EWCSR2,q9b_ef,q9b_ef. How many hours a week on average do you work in job(s) other than your main paid job?
EWCSR2,q13_ef,"q13_ef. In total, how many minutes per day do you normally spend travelling from home to work and back?"
EWCSR2,q14a_ef,"q14a_ef. Normally, how many times a month do you work at night, for at least 2 hours?"
EWCSR2,q14b_ef,"q14b_ef. How many times a month do you work in the evening, for at least 2 hours?"
EWCSR2,q14c_ef,q14c_ef. How many times a month do you work on Sundays?
EWCSR2,q14d_ef,q14d_ef. How many times a month do you work on Saturdays?
EWCSR2,q14e_ef,q14e_ef. How many times a month do you work more than 10 hours a day?
EWCSR2,q28a_2_ef,"q28a_2_ef. Training paid for or provided by your employer, or by yourself if you are self-employed - number of days:"
EWCSR2,q28b_2_ef,q28b_2_ef. Training paid for by yourself - number of days:
EWCSR2,q34b_ef,q34b_ef. Over the past 12 months how many days in total  were you absent from work for reasons of health problems?
EWCSR2,q34c_1_ef,"q34c_1_ef. Of the days of absence indicated above, how many days were attributable to accident(s) at work:"
EWCSR2,q34c_2_ef,"q34c_2_ef. Of the days of absence indicated above, how many days were attributable to health problems caused by your work:"
EWCSR2,ef4.1a_ef,ef4.1a_ef. How many hours per day are you involved: Voluntary or charitable activity
EWCSR2,ef4.1b_ef,ef4.1b_ef. How many hours per day are you involved: Political/trade union activity
EWCSR2,ef4.1c_ef,ef4.1c_ef. How many hours per day are you involved: Caring for and educating your children
EWCSR2,ef4.1d_ef,ef4.1d_ef. How many hours per day are you involved: Cooking and housework
EWCSR2,ef4.1e_ef,ef4.1e_ef. How many hours per day are you involved: Caring for elderly/disabled relatives
EWCSR2,ef4.1f_ef,ef4.1f_ef. How many hours per day are you involved: Taking a training or education course
EWCSR2,ef4.1g_ef,"ef4.1g_ef. How many hours per day are you involved: Sporting, cultural or leisure activity outside your home"
EWCSR2,w1,Selection probability weight
EWCSR2,w3,Persons in employment in COUNTRY (in thousands)
EWCSR2,w4,"Post-stratification weight (trimmed, with selection probabilities embedded)"
EWCSR2,w5_ewcs,w5_ewcs. Cross national weight: Total sample
EWCSR2,w5_eu25,w5_eu25. Cross national weight: EU-25
EWCSR2,w5_nms,w5_nms. Cross national weight: NMS-10
EWCSR2,w5_euro,w5_euro.Cross national weight: Euro-zone
EWCSR2,w5_eu12,w5_eu12. Cross national weight: EU-12
EWCSR2,w5_acc,w5_acc. Cross national weight: ACC
EWCSR2,w5_ac2,w5_ac2
EWCSR2,w5_cc2,w5_cc2
EWCSR2,w5_eu27,w5_eu27. Cross national weight: EU-27
EWCSR2,q04,INTERVIEW NUMBER
EWCSR2,q1,SEX
EWCSR2,q2,How old are you ?
EWCSR2,d11_br,Q.2. - AGE
EWCSR2,q3c01,Q3C: Belgium
EWCSR2,q3c02,Q3C: Denmark
EWCSR2,q3c03,Q3C: Germany
EWCSR2,q3c04,Q3C: Greece
EWCSR2,q3c05,Q3C: Spain
EWCSR2,q3c06,Q3C: France
EWCSR2,q3c07,Q3C: Ireland
EWCSR2,q3c08,Q3C: Italy
EWCSR2,q3c09,Q3C: Luxembourg
EWCSR2,q3c10,Q3C: Netherlands
EWCSR2,q3c11,Q3C: Portugal
EWCSR2,q3c12,"Q3C: United Kingdom (Great Britain, Northern Ireland)"
EWCSR2,q3c13,Q3C: Austria
EWCSR2,q3c14,Q3C: Sweden
EWCSR2,q3c15,Q3C: Finland
EWCSR2,q3c16,Q3C: Other countries
EWCSR2,q3c17,Q3C: DK
EWCSR2,q4rr,Q.4.a) What is your main paid job ? Please give me your job
EWCSR2,q4b,Q.4.b) Do you have any other regular paid job ?
EWCSR2,q5_n,How many people are employed by the company/organisation where you work?
EWCSR2,q6_n,Are you working in the public or the private sector ?
EWCSR2,q7_n,Are you mainly 
EWCSR2,q8rrr,What is the main business activity of the company
EWCSR2,q9,How many people work under your supervision ?
EWCSR2,q10ar,Q.10.a)How many years or months have you been
EWCSR2,q10am,Average
EWCSR2,q10br,Q.10.b) How many months have you been in your main paid job
EWCSR2,q10bm,Average
EWCSR2,q11c1,Q11C: Basic fixed salary/wage
EWCSR2,q11c2,Q11C: Piece rate or productivity payments
EWCSR2,q11c3,Q11C: Extra payments for additional hours of work
EWCSR2,q11c4,Q11C: Extra payments compensating for special working hours
EWCSR2,q11c5,Q11C: Extra payments compensating for poor working conditions
EWCSR2,q11c6,Q11C: Other
EWCSR2,q11c7,Q11C: DK
EWCSR2,q12r,Q.12. How many hours do you usually work per week
EWCSR2,q12m,Average
EWCSR2,q13r,Q.13. How many minutes per day do you normally spend
EWCSR2,q13m,Average
EWCSR2,q14a_n,"Vibrations from hand tools, machinery, etc."
EWCSR2,q14b_n,Noise so loud that you would have to raise your voice
EWCSR2,q14c_n,High temperatures which make you perspire even when not work
EWCSR2,q14d_n,Low temperatures whether indoors or outdoors
EWCSR2,q14e_n,"Breathing in vapours, fumes, dust, or dangerous substances"
EWCSR2,q14f,Handling or touching dangerous products or substances
EWCSR2,q14g,"Radiation such as X rays, radioactive radiation,"
EWCSR2,q15a_n,Painful or tiring positions
EWCSR2,q15b_n,Carrying or moving heavy loads
EWCSR2,q15c,Short repetitive tasks of less than 10 minutes
EWCSR2,q15d,Repetitive hand or arm movements
EWCSR2,q15e,Wearing personal protective equipment
EWCSR2,q15f,"Working with computers : PCs, network, mainframe"
EWCSR2,q15g,Working at very high speed
EWCSR2,q15h,Working to tight deadlines
EWCSR2,q15i,Dealing directly with people who are not employees
EWCSR2,q15j,Working at home
EWCSR2,q16,"Would you say you are very well informed, quite well informe"
EWCSR2,q17c1,Q17C: The temperature
EWCSR2,q17c2,Q17C: The lighting
EWCSR2,q17c3,Q17C: The ventilation
EWCSR2,q17c4,"Q17C: The position of your desk, bench or workstation"
EWCSR2,q17c5,Q17C: The position of your seat
EWCSR2,q17c6,Q17C: The instrument(s) or equipment you use
EWCSR2,q17c7,Q17C: Other
EWCSR2,q17c8,Q17C: None
EWCSR2,q17c9,Q17C: DK
EWCSR2,q18ar,"Q.18.a) Normally, how many times a month do you work at nights"
EWCSR2,q18am,Average
EWCSR2,q18br, b) And how many times a month do you work on Sundays ?
EWCSR2,q18bm,Average
EWCSR2,q18cr, c) And on Saturdays ?
EWCSR2,q18cm,Average
EWCSR2,q19_n,Do you work shifts
EWCSR2,q20a,You can get assistance from colleagues if required
EWCSR2,q20b,You can take your break when you wish
EWCSR2,q20c,You are free to decide when to take holidays or days off
EWCSR2,q20d,You have fixed starting and finishing time every day
EWCSR2,q20e,You have enough time to get the job done
EWCSR2,q20f,You have a secure job
EWCSR2,q21a_n,the work done by colleagues
EWCSR2,q21b_n,"direct demands from people such as customers, passengers"
EWCSR2,q21c_n,production norms
EWCSR2,q21d_n,automatic speed of a machine or moving of a product
EWCSR2,q21e_n,the direct control of your boss
EWCSR2,q22a_n,your order of tasks
EWCSR2,q22b_n,your methods of work
EWCSR2,q22c,your speed or rate of work
EWCSR2,q23a_n,meeting precise quality standards
EWCSR2,q23b_n,assessing the quality of your own work
EWCSR2,q23c_n,solving unforeseen problems on your own
EWCSR2,q23d_n,"deciding, possibly with colleagues, on departmental issues"
EWCSR2,q23e_n,rotating tasks between yourself and colleagues
EWCSR2,q23f_n,monotonous tasks
EWCSR2,q23g,complex tasks
EWCSR2,q23h,learning new things
EWCSR2,q24,How well do you think your skills match the demands imposed
EWCSR2,q25r,"Over the past 12 months, have you undergone training"
EWCSR2,q25bm,Average
EWCSR2,q26a_n,had a frank discussion with your boss about your work
EWCSR2,q26b_n,been consulted about changes in the organisation of work
EWCSR2,q26c,discussed work-related problems with your boss
EWCSR2,q26d,discussed work-related problems with your colleagues
EWCSR2,q26e,discussed work-related problems with employee representative
EWCSR2,q27a,physical violence
EWCSR2,q27b,intimidation
EWCSR2,q27c,sexual discrimination
EWCSR2,q27d,unwanted sexual attention
EWCSR2,q27e,age discrimination
EWCSR2,q27f,race discrimination
EWCSR2,q27g,disability discrimination
EWCSR2,q27h,nationality discrimination
EWCSR2,q28,"at your workplace, would you say that men and women have equal opportunities"
EWCSR2,q29,Is your immediate boss a man or a woman ?
EWCSR2,q30a_n,"sick child leave that is, the amount of time you can stay at"
EWCSR2,q30b_n,"maternity leave that is, the amount of time a woman can stay"
EWCSR2,q30c_n,"parental leave that is, the amount of time a mother or a father"
EWCSR2,q30d_n,"child day care that is, your company/employer provides"
EWCSR2,q31_n,do you think your health and safety is at risk because of your work
EWCSR2,q32r,"Over the past 12 months, how many days, if any"
EWCSR2,q32bm,Average
EWCSR2,q33_n,"Over the past 5 years, have you changed your job"
EWCSR2,q34c01,"Q34C: No, it does not affect my health"
EWCSR2,q34c02,"Q34C: Yes, ear problems"
EWCSR2,q34c03,"Q34C: Yes, eye problems"
EWCSR2,q34c04,"Q34C: Yes, skin problems"
EWCSR2,q34c05,"Q34C: Yes, backache"
EWCSR2,q34c06,"Q34C: Yes, headaches"
EWCSR2,q34c07,"Q34C: Yes, stomach ache"
EWCSR2,q34c08,"Q34C: Yes, muscular pains in arms or legs"
EWCSR2,q34c09,"Q34C: Yes, respiratory difficulties"
EWCSR2,q34c10,"Q34C: Yes, stress"
EWCSR2,q34c11,"Q34C: Yes, overall fatigue"
EWCSR2,q34c12,"Q34C: Yes, sleeping problems"
EWCSR2,q34c13,"Q34C: Yes, allergies"
EWCSR2,q34c14,"Q34C: Yes, heart disease"
EWCSR2,q34c15,"Q34C: Yes, anxiety"
EWCSR2,q34c16,"Q34C: Yes, irritability"
EWCSR2,q34c17,"Q34C: Yes, personal problems"
EWCSR2,q34c18,Q34C: Other (SPONTANEOUS)
EWCSR2,q34c19,Q34C: My work improves my health (SPONTANEOUS)
EWCSR2,q34c20,Q34C: DK
EWCSR2,q35r,Is your job more difficult for you because of any chronic
EWCSR2,q36_n,"On the whole, are you very satisfied,"
EWCSR2,d7,Are you ... ?
EWCSR2,d8r,How old were you when you finished your full-time education
EWCSR2,d12,PERSONS
EWCSR2,d13,CHILDREN
EWCSR2,d19a,a) In your household the person mainly responsible
EWCSR2,d19b,b) In your household the person who contributes most
EWCSR2,p1r,P.1. - DATE OF THE INTERVIEW
EWCSR2,p2r,P.2. - Time of the beginning of the interview
EWCSR2,p3r,P.3. - Number of minutes the interview lasted
EWCSR2,p4_n,P.4. - Number of persons present during the interview
EWCSR2,p5_n,P.5. - Respondent cooperation
EWCSR2,p12,P.12. - Telephone available in the household ?
EWCSR2,w1_n,W.1. - WEIGHT RESULT FROM TARGET
EWCSR2,w2,W.2. - WEIGHT ADJUSTED TO STANDARD SIZE
EWCSR2,w3_n,W.3. - WEIGHT SPECIAL GERMANY
EWCSR2,w4_n,W.4. - WEIGHT EUROPE 15
EWCSR2,countryr,COUNTRIES
EWCSR2,p6_bel,P.6. - BEL - Size of locality
EWCSR2,p7_bel,P.7. - BEL - Region
EWCSR2,p7r_bel,P.7. - BEL - REGIONS
EWCSR2,p13_bel,P.13. - LANGUAGE - BELGIUM
EWCSR2,p6_den,P.6. - DEN - Size of locality
EWCSR2,p7_den,P.7. - DEN - Region
EWCSR2,p6_wge,P.6. - WGE - Size of locality
EWCSR2,p7_wge,P.7. - WGE - Region 
EWCSR2,p7r_wge,P.7. - WGE - REGIONS
EWCSR2,p6_gre,P.6. - GRE - Size of locality
EWCSR2,p7_gre,P.7. - GRE - Region
EWCSR2,p6_ita,P.6. - ITA - Size of locality
EWCSR2,p7_ita,P.7. - ITA - Region
EWCSR2,p7r_ita,P.7. - ITA - REGIONS
EWCSR2,p6_spa,P.6. - SPA - Size of locality
EWCSR2,p7_spa,P.7. - SPA - Region
EWCSR2,p7r_spa,P.7. - SPA - REGIONS
EWCSR2,p6_fra,P.6. - FRA - Size of locality
EWCSR2,p7_fra,P.7. - FRA - Region
EWCSR2,p7r_fra,P.7. - FRA - REGIONS
EWCSR2,p6_irl,P.6. - IRL - Size of locality
EWCSR2,p7_irl,P.7. - IRL - Region
EWCSR2,p6_lux,P.6. - LUX - Size of locality
EWCSR2,p7_lux,P.7. - LUX - Region
EWCSR2,p13_lux,P.13. - LUX - LANGUAGE
EWCSR2,p6_net,P.6. - NET - Size of locality
EWCSR2,p7_net,P.7. - NET - Region
EWCSR2,p7r_net,P.7. - NET - REGIONS
EWCSR2,p6_por,P.6. - POR - Size of locality
EWCSR2,p7_por,P.7. - POR - Region
EWCSR2,p6_uk,P.6. - UK - Size of locality
EWCSR2,p7_uk,P.7. - UK - Region
EWCSR2,p7_ukr,P.7. - UK - REGIONS
EWCSR2,p6_ege,P.6. - EGE - Size of locality
EWCSR2,p7_ege,P.7 - EGE - Region
EWCSR2,p7r_ege,P.7. - EGE - REGIONS
EWCSR2,p6_fin,P.6. - FIN - Size of locality
EWCSR2,p7_fin,P.7. - FIN - Region
EWCSR2,p7r_fin,P.7. - FIN - REGIONS
EWCSR2,p13_fin,P.13. - LANGUAGE - FINLAND
EWCSR2,p6_swe,P.6. - SWE - Size of locality
EWCSR2,p7_swe,P.7. - SWE - Region
EWCSR2,p6_aus,P.6. - AUS - Size of locality
EWCSR2,p7_aus,P.7. - AUS - Region
EWCSR2,p6_ger,P.6. - GER - Size of locality
EWCSR2,p7r_ger,P.7. - GER - REGIONS
EWCSR2,q14a_new,vibrations
EWCSR2,q14b_new,loud noise
EWCSR2,q14c_new,high temps
EWCSR2,q14d_new,low temperatures
EWCSR2,q14e_new,breathing in
EWCSR2,q14f_new,"handling, touching dangerous products"
EWCSR2,q14g_new,radiation
EWCSR2,q15a_new,painful positions
EWCSR2,q15b_new,carrying heavy loads
EWCSR2,q15c_new,short repetitive tasks
EWCSR2,q15d_new,repetitive hand/arm movements
EWCSR2,q15e_new,wearing protective equipment
EWCSR2,q15f_new,work with computers
EWCSR2,q15g_new,work at high speed
EWCSR2,q15h_new,work to deadlines
EWCSR2,q15i_new,deal outside people
EWCSR2,q15j_new,work at home
EWCSR2,countryl,countries
EWCSR2,q7_new,q7_new
EWCSR2,q18ar_nw,WORKING NIGHTS
EWCSR2,q18br_nw,working sundays
EWCSR2,q18cr_nw,working saturdays
EWCSR2,q10ar_nw,years in paid job
EWCSR2,q10br_nw,months in job
EWCSR2,q12r_new,hours work per week
EWCSR2,q13r_new,commuting
EWCSR2,q25r_new,training
EWCSR2,q32r_new,days absent
EWCSR2,q35r_new,health problem
EWCSR2,q10br_rc,q10br_rc
EWCSR2,q14a_isy,vibrations
EWCSR2,q14b_isy,noise
EWCSR2,q14c_isy,high temperatures
EWCSR2,q14d_isy,low temperatures
EWCSR2,q14e_isy,breathing in vapours
EWCSR2,q14f_isy,handling dangerous products
EWCSR2,q14g_isy,radiation
EWCSR2,q15a_isy,painful positions
EWCSR2,q15b_isy,carrying heavy loads
EWCSR2,q15c_isy,short repetitive tasks
EWCSR2,q15d_isy,repetitive hand movements
EWCSR2,q15e_isy,wearing protection
EWCSR2,q15f_isy,working with computers
EWCSR2,q15g_isy,working at high speed
EWCSR2,q15h_isy,working to tight deadlines
EWCSR2,q15i_isy,dealing with outside people
EWCSR2,q15j_isy,working at home
EWCSR2,q16_isy,informed
EWCSR2,q19_isy,shifts
EWCSR2,q35r_isy,job difficult because of health
EWCSR2,q36_isy,satisfaction with job
EWCSR2,coun_isy,coun_isy
EWCSR2,filter_$,wkstatu3 >= 5 (FILTER)
EWCSR2,q35rnew1,"chronic/permanent health problem: two groups, yes.. and no, never"
EWCSR2,q20a_isy,assistance from colleagues
EWCSR2,q20b_isy,break when you wish
EWCSR2,q20c_isy,free decision holidays/days off
EWCSR2,q20d_isy,"fixed starting, finishing time every day"
EWCSR2,q20e_isy,enough time to get the job done
EWCSR2,q20f_isy,you have a secure job
EWCSR2,q9_isy,q9_isy
EWCSR2,q21a_isy,pace of work dependent on work done by colleagues
EWCSR2,q21b_isy,"direct demands from people such as customers, passengers, pupils, patients, etc."
EWCSR2,q21c_isy,production norms
EWCSR2,q21d_isy,automatic speed of a machine or moving of a product
EWCSR2,q21e_isy,the direct control of your boss
EWCSR2,q22a_isy,your order of tasks
EWCSR2,q22b_isy,your methods of work
EWCSR2,q22c_isy,your speed or rate of work
EWCSR2,q23a_isy,meeting precise quality standards
EWCSR2,q23b_isy,assessing the quality of your own work
EWCSR2,q23c_isy,solving unforeseen problems on your own
EWCSR2,q23d_isy,"deciding, possibly with colleagues, on departmental issues such as the division of tasks, staff replacements"
EWCSR2,q23e_isy,rotating tasks between yourself and colleagues
EWCSR2,q23f_isy,monotonous tasks
EWCSR2,q23g_isy,complex tasks
EWCSR2,q23h_isy,learning new things
EWCSR2,q24_isy,how well do you think your skills match the demands imposed
EWCSR2,q26a_isy,had a frank discussion with your boss about your work performance
EWCSR2,q26b_isy,been consulted about changes inthe organization of work and/or other working conditions
EWCSR2,q26c_isy,discussed work-related problems with your boss
EWCSR2,q26d_isy,discussed work-related problems with your colleagues
EWCSR2,q26e_isy,discussed work-related problems with employee representatives
EWCSR2,q27a_isy,physical violence
EWCSR2,q27b_isy,intimidation
EWCSR2,q27c_isy,sexual discrimination
EWCSR2,q27d_isy,unwanted sexual attention
EWCSR2,q27e_isy,age discrimination
EWCSR2,q27f_isy,race discrimination
EWCSR2,q27g_isy,disability discrimination
EWCSR2,q27h_isy,nationality discrimination
EWCSR2,q28_isy,"at your workplace, would you say that men and women have equal opportunities, or not"
EWCSR2,q30a_isy,sick child leave
EWCSR2,q30b_isy,maternity leave
EWCSR2,q30c_isy,parental leave
EWCSR2,q30d_isy,child day care
EWCSR2,q31_isy,do you think your health and safety is at risk because of your work
EWCSR2,q33_isy,"over the past 5 years, have you changed your job in order to seek a healthier or less dangerous job"
EWCSR2,q18bnw1,q18bnw1
EWCSR2,q18cnw1,q18cnw1
EWCSR2,q19daysh,day work and shift work
EWCSR2,worktime,worktime
EWCSR2,hoursw_w,nb heures de travail par semaine
EWCSR2,anciennt,anciennet dans l'emploi
EWCSR2,q18amq19,working patterns
EWCSR2,wkstatu3,STATUT DETAILLE
EWCSR2,wkst_1an,STATUT moins 1 an d'anciennete
EWCSR2,statunw3,STATUT D'EMPLOI
EWCSR2,nationty,nationality
EWCSR2,salaries,ensemble des salaries
EWCSR2,stnw_1an,STATUT moins de 1 an
EWCSR2,sala_1an,SALARIES moins de 1 an
EWCSR2,q18dicho,travail de nuit (dichotomie)
EWCSR2,q2r,age
EWCSR2,q29bc,q29bc. Have you personally been subjected at work to physical violence?
EWCSR2,PrimaryLast,Indicator of each last matching case as Primary
EWCSR2,w00,w00
EWCSR2,w5_eu15,w5_eu15
EWCSR2,agsex,agsex
EWCSR2,nac,nac
EWCSR2,isc,isc
EWCSR2,reg,reg
EWCSR2,wst,wst
EWCSR2,wor,wor
EWCSR2,w4_new,dataframe
EWCSR3,id,respondent id
EWCSR3,hh1,hh1.How many people live in this household?
EWCSR3,hh2a,hh2a. Sex - Respondent
EWCSR3,hh2b,hh2b. Age - Respondent
EWCSR3,hh2d,hh2d. Economic status - Respondent
EWCSR3,hh3_2a,hh3_2a. Sex - Person 2.
EWCSR3,hh3_2b,hh3_2b. Age - Person 2.
EWCSR3,hh3_2c,hh3_2c. Relationship to respondent - Person 2.
EWCSR3,hh3_2d,hh3_2d. Economic status - Person 2.
EWCSR3,hh3_3a,hh3_3a. Sex - Person 3.
EWCSR3,hh3_3b,hh3_3b. Age - Person 3.
EWCSR3,hh3_3c,hh3_3c. Relationship to respondent - Person 3.
EWCSR3,hh3_3d,hh3_3d. Economic status - Person 3.
EWCSR3,hh3_4a,hh3_4a. Sex - Person 4.
EWCSR3,hh3_4b,hh3_4b. Age - Person 4.
EWCSR3,hh3_4c,hh3_4c. Relationship to respondent - Person 4.
EWCSR3,hh3_4d,hh3_4d. Economic status - Person 4.
EWCSR3,hh3_5a,hh3_5a. Sex - Person 5.
EWCSR3,hh3_5b,hh3_5b. Age - Person 5.
EWCSR3,hh3_5c,hh3_5c. Relationship to respondent - Person 5.
EWCSR3,hh3_5d,hh3_5d. Economic status - Person 5.
EWCSR3,hh3_6a,hh3_6a. Sex - Person 6.
EWCSR3,hh3_6b,hh3_6b. Age - Person 6.
EWCSR3,hh3_6c,hh3_6c. Relationship to respondent - Person 6.
EWCSR3,hh3_6d,hh3_6d. Economic status - Person 6.
EWCSR3,hh3_7a,hh3_7a. Sex - Person 7.
EWCSR3,hh3_7b,hh3_7b. Age - Person 7.
EWCSR3,hh3_7c,hh3_7c. Relationship to respondent - Person 7.
EWCSR3,hh3_7d,hh3_7d. Economic status - Person 7.
EWCSR3,hh3_8a,hh3_8a. Sex - Person 8.
EWCSR3,hh3_8b,hh3_8b. Age - Person 8.
EWCSR3,hh3_8c,hh3_8c. Relationship to respondent - Person 8.
EWCSR3,hh3_8d,hh3_8d. Economic status - Person 8.
EWCSR3,hh3_9a,hh3_9a. Sex - Person 9.
EWCSR3,hh3_9b,hh3_9b. Age - Person 9.
EWCSR3,hh3_9c,hh3_9c. Relationship to respondent - Person 9.
EWCSR3,hh3_9d,hh3_9d. Economic status - Person 9.
EWCSR3,hh3_10a,hh3_10a. Sex - Person 10.
EWCSR3,hh3_10b,hh3_10b. Age - Person 10.
EWCSR3,hh3_10c,hh3_10c. Relationship to respondent - Person 10.
EWCSR3,hh3_10d,hh3_10d. Economic status - Person 10.
EWCSR3,q1a,Q1a. Are you a citizen of  country?
EWCSR3,q1b,q1b. Are you a citizen of ?
EWCSR3,q2a,q2a. What is the title of your main paid job?
EWCSR3,q2b,q2b. How old were you when you stopped full-time education?
EWCSR3,q2c,q2c. How many years have you been in paid employment since the age at which you stopped full-time education?
EWCSR3,q2d,q2d. How many years have you been in your company or organisation?
EWCSR3,q3a,q3a. Are you mainly ... ?
EWCSR3,q3b,q3b. What kind of employment contract do you have?
EWCSR3,q3c_1,q3c_1. What is the exact duration of the contract in number of years?
EWCSR3,q3c_2,q3c_2. What is the exact duration of the contract in number of months?
EWCSR3,q4,q4. What is the main activity of the company or organisation where you work?
EWCSR3,q5,q5. Are you working in the ?
EWCSR3,q6,q6. How many people in total work in the local unit of the establishment where you work?
EWCSR3,q7,q7. How many people work under your supervision?
EWCSR3,q8a,q8a. How many hours do you usually work per week in your main paid job?
EWCSR3,q8b,q8b. How many days per week do you usually work in your main paid job?
EWCSR3,q9a,"q9a. Besides your main paid job, do you have any other paid job(s)?"
EWCSR3,q9b,q9b. How many hours a week on average do you work in job(s) other than your main paid job?
EWCSR3,q10a,"q10a. Are you exposed at work to - vibrations from hand tools, machinery, etc.?"
EWCSR3,q10b,q10b. Are you exposed at work to - noise so loud that you would have to raise your voice to talk to people?
EWCSR3,q10c,q10c. Are you exposed at work to - high temperatures which make you perspire even when not working?
EWCSR3,q10d,q10d. Are you exposed at work to - low temperatures whether indoors or outdoors?
EWCSR3,q10e,"q10e. Are you exposed at work to - breathing in smoke, fumes, powder or dust etc.?"
EWCSR3,q10f,q10f. Are you exposed at work to - breathing in vapours such as solvents and thinners?
EWCSR3,q10g,q10g. Are you exposed at work to - handling or being in skin contact with chemical products or  substances?
EWCSR3,q10h,"q10h. Are you exposed at work to - radiation such as X rays, radioactive radiation, welding light, laser beams?"
EWCSR3,q10i,q10i. Are you exposed at work to - tobacco smoke from other people?
EWCSR3,q10j,q10j. Are you exposed at work to - handling or being in direct contact with materials which can be infectious?
EWCSR3,q11a,q11a. Does your main paid job involve - tiring or painful positions?
EWCSR3,q11b,q11b. Does your main paid job involve - lifting or moving people?
EWCSR3,q11c,q11c. Does your main paid job involve - carrying or moving heavy loads?
EWCSR3,q11d,q11d. Does your main paid job involve - standing or walking?
EWCSR3,q11e,q11e. Does your main paid job involve - repetitive hand or arm movements?
EWCSR3,q11f,q11f. Does your main paid job involve - working at company/organisation premise?
EWCSR3,q11g,q11g. Does your main paid job involve - teleworking from home with a PC?
EWCSR3,q11h,"q11h. Does your main paid job involve - working at home, excluding telework?"
EWCSR3,q11i,q11i. Does your main paid job involve - working in places other than home or company/organisation premises?
EWCSR3,q11j,q11j. Does your main paid job involve - dealing directly with people who are not employees at your workplace?
EWCSR3,q11k,"q11k. Does your main paid job involve - working with computers: PCs, network, mainframe?"
EWCSR3,q11l,q11l. Does your main paid job involve - using internet/email for professional purposes?
EWCSR3,q11m,q11m. Does your main paid job involve - wearing personal protective clothing or equipment?
EWCSR3,q12,"q12. Regarding the health and safety risks related to performance of your job, how well informed would you say you are?"
EWCSR3,q13,"q13. In total, how many minutes per day do you normally spend travelling from home to work and back?"
EWCSR3,q14a,"q14a. Normally, how many times a month do you work at night, for at least 2 hours?"
EWCSR3,q14b,"q14b. How many times a month do you work in the evening, for at least 2 hours?"
EWCSR3,q14c,q14c. How many times a month do you work on Sundays?
EWCSR3,q14d,q14d. How many times a month do you work on Saturdays?
EWCSR3,q14e,q14e. How many times a month do you work more than 10 hours a day?
EWCSR3,q15a,q15a. Do you work part-time or full-time?
EWCSR3,q15b,q15b. Would you like to work...?
EWCSR3,q16a_a,q16a_a. Do you work the same number of hours every day?
EWCSR3,q16a_b,q16a_b. Do you work the same number of days every week?
EWCSR3,q16a_c,q16a_c. Do you work fixed starting and finishing times?
EWCSR3,q16a_d,q16a_d. Do you work shifts?
EWCSR3,q16b,q16b. Do you work ...?
EWCSR3,q17a,q17a. How are your working time arrangements set?
EWCSR3,q17b,q17b. Do changes to your work schedule occur regularly?
EWCSR3,q18,q18. Do your working hours fit in with your family or social commitments outside work?
EWCSR3,q19,"q19. In the past twelve months, have you been contacted outside your normal working hours?"
EWCSR3,q20a_a,q20a_a. Does your job involve short repetitive tasks of less than 1 minute?
EWCSR3,q20a_b,q20a_b. Does your job involve short repetitive tasks of less than 10 minutes?
EWCSR3,q20b_a,q20b_a. Does your job involve working at very high speed?
EWCSR3,q20b_b,q20b_b. Does your job involve working to tight deadlines?
EWCSR3,q21a,q21a. Is your pace of work dependent on the work done by colleagues?
EWCSR3,q21b,q21b. Is your pace of work dependent on direct demands from people?
EWCSR3,q21c,q21c. Is your pace of work dependent on numerical production targets or performance targets?
EWCSR3,q21d,q21d. Is your pace of work dependent on automatic speed of a machine or movement of a product?
EWCSR3,q21e,q21e. Is your pace of work dependent on the direct control of your boss?
EWCSR3,q22a,q22a. How often do you have to interrupt a task you are doing in order to take on an unforeseen task?
EWCSR3,q22b,"q22b. For your work, are these interruptions ..."
EWCSR3,q23a,q23a. Does your main paid job involve: meeting precise quality standards?
EWCSR3,q23b,q23b. Does your main paid job involve: assessing yourself the quality of your own work?
EWCSR3,q23c,q23c. Does your main paid job involve: solving unforeseen problems on your own?
EWCSR3,q23d,q23d. Does your main paid job involve: monotonous tasks?
EWCSR3,q23e,q23e. Does your main paid job involve: complex tasks?
EWCSR3,q23f,q23f. Does your main paid job involve: learning new things?
EWCSR3,q24a,q24a. Are you able to choose or change your order of tasks?
EWCSR3,q24b,q24b. Are you able to choose or change your methods of work?
EWCSR3,q24c,q24c. Are you able to choose or change your speed or rate of work?
EWCSR3,q25a,q25a. You can get assistance from colleagues if you ask for it.
EWCSR3,q25b,q25b. You can get assistance from your superiors/boss if you ask for it.
EWCSR3,q25c,q25c. You can get external assistance if you ask for it.
EWCSR3,q25d,q25d. You have influence over the choice of your working partners.
EWCSR3,q25e,q25e. You can take your break when you wish.
EWCSR3,q25f,q25f. You have enough time to get the job done.
EWCSR3,q25g,q25g. You are free to decide when to take holidays or days off.
EWCSR3,q25h,"q25h. At work, you have the opportunity to do what you do best."
EWCSR3,q25i,q25i. Your job gives you the feeling of work well done.
EWCSR3,q25j,q25j. You are able to apply your own ideas in your work.
EWCSR3,q25k,q25k. You have the feeling of doing useful work.
EWCSR3,q25l,q25l. You find your job intellectually demanding.
EWCSR3,q25m,q25m. You find your job emotionally demanding.
EWCSR3,q26a,q26a. Does your job involve rotating tasks between yourself and colleagues?
EWCSR3,q26a_1,q26a_1. Do the tasks require different skills?
EWCSR3,q26a_2a,q26a_2a. Your boss/manager decides the division of the tasks?
EWCSR3,q26a_2b,q26a_2b. Decided by people the division of the tasks who are rotating tasks?
EWCSR3,q26b,q26b. Does your job involve doing all or part of your work in a team?
EWCSR3,q26b_1a,q26b_1a. Do the members of the team decide by themselves on the division of tasks?
EWCSR3,q26b_1b,q26b_1b. Do the members of the team decide by themselves who will be head of the team?
EWCSR3,q27,q27. Which of the following alternatives would best describe your skills in your own work?
EWCSR3,q28a_1,"q28a_1. Have you undergone: Training paid for or provided by your employer, or by yourself if you are self-employed?"
EWCSR3,q28a_2,"q28a_2. Training paid for or provided by your employer, or by yourself if you are self-employed - number of days:"
EWCSR3,q28b_1,q28b_1. Have you undergone: Training paid for by yourself?
EWCSR3,q28b_2,q28b_2. Training paid for by yourself - number of days:
EWCSR3,q28c,q28c. Have you undergone: On-the-job training?
EWCSR3,q28d,q28d. Have you undergone: Other forms of on-site training and learning?
EWCSR3,q28e,q28e. Have you undergone: Other?
EWCSR3,q29a,q29a. Have you personally been subjected at work to threats of physical violence?
EWCSR3,q29b,q29b. Have you personally been subjected at work to physical violence from people from your workplace?
EWCSR3,q29c,q29c. Have you personally been subjected at work to physical violence from other people?
EWCSR3,q29d,q29d. Have you personally been subjected at work to bullying/harassment?
EWCSR3,q29e,q29e. Have you personally been subjected at work to sexual discrimination/discrimination linked to gender?
EWCSR3,q29f,q29f. Have you personally been subjected at work to unwanted sexual attention?
EWCSR3,q29g,q29g. Have you personally been subjected at work to age discrimination?
EWCSR3,q29h,q29h. Have you personally been subjected at work to discrimination linked to nationality?
EWCSR3,q29i,q29i. Have you personally been subjected at work to discrimination linked to ethnic background?
EWCSR3,q29j,q29j. Have you personally been subjected at work to discrimination linked to religion?
EWCSR3,q29k,q29k. Have you personally been subjected at work to discrimination linked to disability?
EWCSR3,q29l,q29l. Have you personally been subjected at work to discrimination linked to sexual orientation?
EWCSR3,q30a,q30a. Over the past 12 months have you had a frank discussion with your boss about your work performance?
EWCSR3,q30b,q30b. Over the past 12 months have you been consulted about changes in the organisation of work and/or your working conditions?
EWCSR3,q30c,q30c. Over the past 12 months have you been subject to regular formal assessment of your work performance?
EWCSR3,q30d,q30d. Over the past 12 months have you discussed work-related problems with your boss?
EWCSR3,q30e,q30e. Over the past 12 months have you discussed work-related problems with an employee representative?
EWCSR3,q31,q31. Is your immediate boss a man or a woman?
EWCSR3,q32,q32. Do you think your health or safety is at risk because of your work?
EWCSR3,q33,"q33. Does your work affect your health, or not?"
EWCSR3,q33a_a,q33a_a. Does your work affect your health: hearing problems?
EWCSR3,q33a_b,q33a_b. Does your work affect your health: problems with your vision?
EWCSR3,q33a_c,q33a_c. Does your work affect your health: skin problems?
EWCSR3,q33a_d,q33a_d. Does your work affect your health: backache?
EWCSR3,q33a_e,q33a_e. Does your work affect your health: headaches?
EWCSR3,q33a_f,q33a_f. Does your work affect your health: stomach ache?
EWCSR3,q33a_g,q33a_g. Does your work affect your health: muscular pains?
EWCSR3,q33a_h,q33a_h. Does your work affect your health: respiratory difficulties?
EWCSR3,q33a_i,q33a_i. Does your work affect your health: heart disease?
EWCSR3,q33a_j,q33a_j. Does your work affect your health: injury(ies)?
EWCSR3,q33a_k,q33a_k. Does your work affect your health: stress?
EWCSR3,q33a_l,q33a_l. Does your work affect your health: overall fatigue?
EWCSR3,q33a_m,q33a_m. Does your work affect your health: sleeping problems?
EWCSR3,q33a_n,q33a_n. Does your work affect your health: allergies?
EWCSR3,q33a_o,q33a_o. Does your work affect your health: anxiety?
EWCSR3,q33a_p,q33a_p. Does your work affect your health: irritability?
EWCSR3,q33a_q,q33a_q. Does your work affect your health: other?
EWCSR3,q34a_a,"q34a_a. In your main paid job, over the past twelve months, have you been absent for maternity or paternity leave?"
EWCSR3,q34a_b,"q34a_b. In your main paid job, over the past twelve months, have you been absent for educational leave?"
EWCSR3,q34a_c,"q34a_c. In your main paid job, over the past twelve months, have you been absent for family-related leave?"
EWCSR3,q34a_d,"q34a_d. In your main paid job, over the past twelve months, have you been absent for health problems?"
EWCSR3,q34a_e,"q34a_e. In your main paid job, over the past twelve months, have you been absent for other reasons?"
EWCSR3,q34b,q34b. Over the past 12 months how many days in total  were you absent from work for reasons of health problems?
EWCSR3,q34c_1,"q34c_1. Of the days of absence indicated above, how many days were attributable to accident(s) at work:"
EWCSR3,q34c_2,"q34c_2. Of the days of absence indicated above, how many days were attributable to health problems caused by your work:"
EWCSR3,q35,q35. Do you think you will be able to do the same job you are doing now when you are 60 years old?
EWCSR3,q36,"q36. Are you very satisfied, satisfied, not very satisfied or not at all satisfied with working conditions in your main paid job?"
EWCSR3,q37a,q37a. I might lose my job in the next 6 months.
EWCSR3,q37b,q37b. I am well paid for the work I do.
EWCSR3,q37c,q37c. My job offers good prospects for career advancement.
EWCSR3,q37d,q37d. I feel myself 'at home' in this organisation.
EWCSR3,q37e,"q37e. At work, I have opportunities to learn and grow."
EWCSR3,q37f,q37f. I have very good friends at work.
EWCSR3,ef1,ef1. What is the highest level of education that you have successfully completed?
EWCSR3,ef3,"ef3. Are you, in your household, the person who contributes most to the household income?"
EWCSR3,ef4a,ef4a. How often are you involved: Voluntary or charitable activity
EWCSR3,ef4.1a,ef4.1a. How many hours per day are you involved: Voluntary or charitable activity
EWCSR3,ef4b,ef4b. How often are you involved: Political/trade union activity
EWCSR3,ef4.1b,ef4.1b. How many hours per day are you involved: Political/trade union activity
EWCSR3,ef4c,ef4c. How often are you involved: Caring for and educating your children
EWCSR3,ef4.1c,ef4.1c. How many hours per day are you involved: Caring for and educating your children
EWCSR3,ef4d,ef4d. How often are you involved: Cooking and housework
EWCSR3,ef4.1d,ef4.1d. How many hours per day are you involved: Cooking and housework
EWCSR3,ef4e,ef4e. How often are you involved: Caring for elderly/disabled relatives
EWCSR3,ef4.1e,ef4.1e. How many hours per day are you involved: Caring for elderly/disabled relatives
EWCSR3,ef4f,ef4f. How often are you involved: Taking a training or education course
EWCSR3,ef4.1f,ef4.1f. How many hours per day are you involved: Taking a training or education course
EWCSR3,ef4g,"ef4g. How often are you involved: Sporting, cultural or leisure activity outside your home"
EWCSR3,ef4.1g,"ef4.1g. How many hours per day are you involved: Sporting, cultural or leisure activity outside your home"
EWCSR3,ef5,"ef5. Presently, what is on average your net monthly income from your main paid job?"
EWCSR3,ef6a,ef6a. What does your remuneration include: Basic fixed salary/wage?
EWCSR3,ef6b,ef6b. What does your remuneration include: Piece rate or productivity payments?
EWCSR3,ef6c,ef6c. What does your remuneration include: Extra payments for additional hours of work/overtime?
EWCSR3,ef6d,ef6d. What does your remuneration include: Extra payments compensating for bad or dangerous working conditions?
EWCSR3,ef6e,ef6e. What does your remuneration include: Extra payments compensating for Sunday work?
EWCSR3,ef6f,ef6f. What does your remuneration include: Other extra payments?
EWCSR3,ef6g,ef6g. What does your remuneration include: Payments based on the overall performance of the company where you work?
EWCSR3,ef6h,ef6h. What does your remuneration include: Payments based on the overall performance of a group?
EWCSR3,ef6i,ef6i. What does your remuneration include: Income from shares in the company your work for?
EWCSR3,ef6j,ef6j. What does your remuneration include: Advantages of other nature?
EWCSR3,ef6k,ef6k. What does your remuneration include: Other?
EWCSR3,ef6g_1,ef6g_1. Are the payments  based on the overall performance of the company calculated according to a predefined formula?
EWCSR3,ef6g_2,ef6g_2.  do you receive these payments on a regular basis?
EWCSR3,ef6h_1,ef6h_1.  Are the payments based on the overall performance of a group calculated according to a predefined formula?
EWCSR3,ef6h_2,ef6h_2. - do you receive these payments on a regular basis?
EWCSR3,ef7a,"ef7a. What does your remuneration include: Income from self-employment such as own business, profession or farm?"
EWCSR3,ef7b,ef7b. What does your remuneration include: Payments based on the overall performance of the company where you work?
EWCSR3,ef7c,ef7c. What does your remuneration include: Payments based on the overall performance of a group?
EWCSR3,ef7d,ef7d. What does your remuneration include: Income from shares in the company your work for?
EWCSR3,ef7e,ef7e. What does your remuneration include: Other?
EWCSR3,ef7b_1,ef7b_1. Are these payments based on the overall performance of the company calculated according to a predefined formula?
EWCSR3,ef7b_2,ef7b_2.  do you receive these payments on a regular basis?
EWCSR3,ef7c_1,ef7c_1. are these payments calculated according to a predefined formula?
EWCSR3,ef7c_2,ef7c_2.  do you receive these payments on a regular basis?
EWCSR3,p12a,p12a. Fixed telephone available in the household?
EWCSR3,p12b,p12b. Mobile  telephone available in the household?
EWCSR3,p14,p14. Would you be willing to participate in such a follow-up Interviewers?
EWCSR3,p1_1,p1_1. Date of the interview: Day:
EWCSR3,p1_2,p1_2. Date of the interview: Month:
EWCSR3,p2_1,p2_1. Time of the beginning of the interview: Hour:
EWCSR3,p2_2,p2_2. Time of the beginning of the interview: Minutes:
EWCSR3,p3,p3. Number of minutes the interview lasted: Minutes:
EWCSR3,p4,"p4. Number of persons present during the interview, including interviewer."
EWCSR3,p5,p5. Respondent cooperation:
EWCSR3,p6,p6. Size of locality (LOCAL CODES):
EWCSR3,p7,p7. Region (LOCAL CODES):
EWCSR3,p8,p8. Postal code:
EWCSR3,p9,p9. SAMPLE POINT NUMBER:
EWCSR3,p10,p10. INTERVIEWER NUMBER:
EWCSR3,p13,p13. Language of  interview:
EWCSR3,qq,Quality of questionnaire
EWCSR3,p3cat,p3cat
EWCSR3,countID,Country of interview
EWCSR3,countcod,Country of interview - ISO code
EWCSR3,total,total
EWCSR3,age,age
EWCSR3,agesex,agesex
EWCSR3,sampreg,sampreg
EWCSR3,nuts2,nuts2
EWCSR3,isco,Occupation: 1st-level ISCO codes
EWCSR3,q4rec,q4. What is the main activity of the company or organisation where you work?
EWCSR3,nace,Activity of employer: NACE main codes
EWCSR3,UNIQID,UNIQID
EWCSR3,isced,ISCED classification : the highest level of education or training
EWCSR3,income, Average net income  from the main paid job
EWCSR3,q37a_ef,q37a_ef
EWCSR3,q37b_ef,q37b_ef
EWCSR3,q37c_ef,q37c_ef
EWCSR3,q37d_ef,q37d_ef
EWCSR3,q37e_ef,q37e_ef
EWCSR3,q37f_ef,q37f_ef
EWCSR3,hh2b_ef4,hh2b_ef4. Age - Respondent
EWCSR3,hh3_3b_ef4,hh3_3b_ef4. Age - Person 3.
EWCSR3,hh3_4b_ef4,hh3_4b_ef4. Age - Person 4.
EWCSR3,hh3_5b_ef4,hh3_5b_ef4. Age - Person 5.
EWCSR3,hh3_6b_ef4,hh3_6b_ef4. Age - Person 6.
EWCSR3,hh3_7b_ef4,hh3_7b_ef4. Age - Person 7.
EWCSR3,hh3_8b_ef4,hh3_8b_ef4. Age - Person 8.
EWCSR3,hh3_9b_ef4,hh3_9b_ef4. Age - Person 9.
EWCSR3,hh3_10b_ef4,hh3_10b_ef4. Age - Person 10.
EWCSR3,hh2b_ef6,hh2b_ef6. Age - Respondent
EWCSR3,hh3_3b_ef6,hh3_3b_ef6. Age - Person 3.
EWCSR3,hh3_4b_ef6,hh3_4b_ef6. Age - Person 4.
EWCSR3,hh3_5b_ef6,hh3_5b_ef6. Age - Person 5.
EWCSR3,hh3_6b_ef6,hh3_6b_ef6. Age - Person 6.
EWCSR3,hh3_7b_ef6,hh3_7b_ef6. Age - Person 7.
EWCSR3,hh3_8b_ef6,hh3_8b_ef6. Age - Person 8.
EWCSR3,hh3_9b_ef6,hh3_9b_ef6. Age - Person 9.
EWCSR3,hh3_10b_ef6,hh3_10b_ef6. Age - Person 10.
EWCSR3,q2b_ef,q2b_ef. How old were you when you stopped full-time education?
EWCSR3,q2c_ef,q2c_ef. How many years have you been in paid employment since the age at which you stopped full-time education?
EWCSR3,q2d_ef,q2d_ef. How many years have you been in your company or organisation?
EWCSR3,q3c_1_ef,q3c_1_ef. What is the exact duration of the contract in number of years?
EWCSR3,q3c_2_ef,q3c_2_ef. What is the exact duration of the contract in number of months?
EWCSR3,q7_ef,q7_ef. How many people work under your supervision?
EWCSR3,q8a_ef,q8a_ef. How many hours do you usually work per week in your main paid job?
EWCSR3,q9b_ef,q9b_ef. How many hours a week on average do you work in job(s) other than your main paid job?
EWCSR3,q13_ef,"q13_ef. In total, how many minutes per day do you normally spend travelling from home to work and back?"
EWCSR3,q14a_ef,"q14a_ef. Normally, how many times a month do you work at night, for at least 2 hours?"
EWCSR3,q14b_ef,"q14b_ef. How many times a month do you work in the evening, for at least 2 hours?"
EWCSR3,q14c_ef,q14c_ef. How many times a month do you work on Sundays?
EWCSR3,q14d_ef,q14d_ef. How many times a month do you work on Saturdays?
EWCSR3,q14e_ef,q14e_ef. How many times a month do you work more than 10 hours a day?
EWCSR3,q28a_2_ef,"q28a_2_ef. Training paid for or provided by your employer, or by yourself if you are self-employed - number of days:"
EWCSR3,q28b_2_ef,q28b_2_ef. Training paid for by yourself - number of days:
EWCSR3,q34b_ef,q34b_ef. Over the past 12 months how many days in total  were you absent from work for reasons of health problems?
EWCSR3,q34c_1_ef,"q34c_1_ef. Of the days of absence indicated above, how many days were attributable to accident(s) at work:"
EWCSR3,q34c_2_ef,"q34c_2_ef. Of the days of absence indicated above, how many days were attributable to health problems caused by your work:"
EWCSR3,ef4.1a_ef,ef4.1a_ef. How many hours per day are you involved: Voluntary or charitable activity
EWCSR3,ef4.1b_ef,ef4.1b_ef. How many hours per day are you involved: Political/trade union activity
EWCSR3,ef4.1c_ef,ef4.1c_ef. How many hours per day are you involved: Caring for and educating your children
EWCSR3,ef4.1d_ef,ef4.1d_ef. How many hours per day are you involved: Cooking and housework
EWCSR3,ef4.1e_ef,ef4.1e_ef. How many hours per day are you involved: Caring for elderly/disabled relatives
EWCSR3,ef4.1f_ef,ef4.1f_ef. How many hours per day are you involved: Taking a training or education course
EWCSR3,ef4.1g_ef,"ef4.1g_ef. How many hours per day are you involved: Sporting, cultural or leisure activity outside your home"
EWCSR3,w1,Selection probability weight
EWCSR3,w3,Persons in employment in COUNTRY (in thousands)
EWCSR3,w4,Post-stratification weight (with selection probabilities embedded)
EWCSR3,w5_ewcs,w5_ewcs. Cross national weight: Total sample
EWCSR3,w5_eu25,w5_eu25. Cross national weight: EU-25
EWCSR3,w5_nms,w5_nms. Cross national weight: NMS-10
EWCSR3,w5_euro,w5_euro.Cross national weight: Euro-zone
EWCSR3,w5_eu12,w5_eu12. Cross national weight: EU-12
EWCSR3,w5_acc,w5_acc. Cross national weight: ACC
EWCSR3,w5_ac2,w5_ac2
EWCSR3,w5_cc2,w5_cc2
EWCSR3,w5_eu27,w5_eu27. Cross national weight: EU-27
EWCSR3,q02,COUNTRY CODE
EWCSR3,q03,OUR SURVEY NUMBER
EWCSR3,q04,INTERVIEW NUMBER
EWCSR3,q1c01,Q1C: Belgium
EWCSR3,q1c02,Q1C: Denmark
EWCSR3,q1c03,Q1C: Germany
EWCSR3,q1c04,Q1C: Greece
EWCSR3,q1c05,Q1C: Spain
EWCSR3,q1c06,Q1C: France
EWCSR3,q1c07,Q1C: Ireland
EWCSR3,q1c08,Q1C: Italy
EWCSR3,q1c09,Q1C: Luxembourg
EWCSR3,q1c10,Q1C: Netherlands
EWCSR3,q1c11,Q1C: Portugal
EWCSR3,q1c12,Q1C: United Kingdom
EWCSR3,q1c13,Q1C: Austria
EWCSR3,q1c14,Q1C: Sweden
EWCSR3,q1c15,Q1C: Finland
EWCSR3,q1c16,Q1C: Other countries (WHICH ONE(S))
EWCSR3,q1c17,Q1C: DK
EWCSR3,q2r,Q.2. - What is your main paid job ? Please give me your job title in full.
EWCSR3,q2rrc001,Q2RRC: Armed forces
EWCSR3,q2rrc002,Q2RRC: 1
EWCSR3,q2rrc003,Q2RRC: 11
EWCSR3,q2rrc004,Q2RRC: 12
EWCSR3,q2rrc005,Q2RRC: 13
EWCSR3,q2rrc006,Q2RRC: 14
EWCSR3,q2rrc007,Q2RRC: 15
EWCSR3,q2rrc008,Q2RRC: 16
EWCSR3,q2rrc009,Q2RRC: 17
EWCSR3,q2rrc010,Q2RRC: 18
EWCSR3,q2rrc011,Q2RRC: 19
EWCSR3,q2rrc012,Q2RRC: Legislators and senior officials and managers
EWCSR3,q2rrc013,Q2RRC: 2
EWCSR3,q2rrc014,Q2RRC: 21
EWCSR3,q2rrc015,Q2RRC: 22
EWCSR3,q2rrc016,Q2RRC: 23
EWCSR3,q2rrc017,Q2RRC: 24
EWCSR3,q2rrc018,Q2RRC: 25
EWCSR3,q2rrc019,Q2RRC: 26
EWCSR3,q2rrc020,Q2RRC: 27
EWCSR3,q2rrc021,Q2RRC: 28
EWCSR3,q2rrc022,Q2RRC: 29
EWCSR3,q2rrc023,Q2RRC: Professionals
EWCSR3,q2rrc024,Q2RRC: 3
EWCSR3,q2rrc025,Q2RRC: 31
EWCSR3,q2rrc026,Q2RRC: 32
EWCSR3,q2rrc027,Q2RRC: 33
EWCSR3,q2rrc028,Q2RRC: 34
EWCSR3,q2rrc029,Q2RRC: 35
EWCSR3,q2rrc030,Q2RRC: 36
EWCSR3,q2rrc031,Q2RRC: 37
EWCSR3,q2rrc032,Q2RRC: 38
EWCSR3,q2rrc033,Q2RRC: 39
EWCSR3,q2rrc034,Q2RRC: Technicians and associate professionals
EWCSR3,q2rrc035,Q2RRC: 4
EWCSR3,q2rrc036,Q2RRC: 41
EWCSR3,q2rrc037,Q2RRC: 42
EWCSR3,q2rrc038,Q2RRC: 43
EWCSR3,q2rrc039,Q2RRC: 44
EWCSR3,q2rrc040,Q2RRC: 45
EWCSR3,q2rrc041,Q2RRC: 46
EWCSR3,q2rrc042,Q2RRC: 47
EWCSR3,q2rrc043,Q2RRC: 48
EWCSR3,q2rrc044,Q2RRC: 49
EWCSR3,q2rrc045,Q2RRC: Clerks
EWCSR3,q2rrc046,Q2RRC: 5
EWCSR3,q2rrc047,Q2RRC: 51
EWCSR3,q2rrc048,Q2RRC: 52
EWCSR3,q2rrc049,Q2RRC: 53
EWCSR3,q2rrc050,Q2RRC: 54
EWCSR3,q2rrc051,Q2RRC: 55
EWCSR3,q2rrc052,Q2RRC: 56
EWCSR3,q2rrc053,Q2RRC: 57
EWCSR3,q2rrc054,Q2RRC: 58
EWCSR3,q2rrc055,Q2RRC: 59
EWCSR3,q2rrc056,Q2RRC: Service workers and shop and market sales workers
EWCSR3,q2rrc057,Q2RRC: 6
EWCSR3,q2rrc058,Q2RRC: 61
EWCSR3,q2rrc059,Q2RRC: 62
EWCSR3,q2rrc060,Q2RRC: 63
EWCSR3,q2rrc061,Q2RRC: 64
EWCSR3,q2rrc062,Q2RRC: 65
EWCSR3,q2rrc063,Q2RRC: 66
EWCSR3,q2rrc064,Q2RRC: 67
EWCSR3,q2rrc065,Q2RRC: 68
EWCSR3,q2rrc066,Q2RRC: 69
EWCSR3,q2rrc067,Q2RRC: Skilled agricultural and fishery workers
EWCSR3,q2rrc068,Q2RRC: 7
EWCSR3,q2rrc069,Q2RRC: 71
EWCSR3,q2rrc070,Q2RRC: 72
EWCSR3,q2rrc071,Q2RRC: 73
EWCSR3,q2rrc072,Q2RRC: 74
EWCSR3,q2rrc073,Q2RRC: 75
EWCSR3,q2rrc074,Q2RRC: 76
EWCSR3,q2rrc075,Q2RRC: 77
EWCSR3,q2rrc076,Q2RRC: 78
EWCSR3,q2rrc077,Q2RRC: 79
EWCSR3,q2rrc078,Q2RRC: Craft and related trades workers
EWCSR3,q2rrc079,Q2RRC: 8
EWCSR3,q2rrc080,Q2RRC: 81
EWCSR3,q2rrc081,Q2RRC: 82
EWCSR3,q2rrc082,Q2RRC: 83
EWCSR3,q2rrc083,Q2RRC: 84
EWCSR3,q2rrc084,Q2RRC: 85
EWCSR3,q2rrc085,Q2RRC: 86
EWCSR3,q2rrc086,Q2RRC: 87
EWCSR3,q2rrc087,Q2RRC: 88
EWCSR3,q2rrc088,Q2RRC: 89
EWCSR3,q2rrc089,Q2RRC: Plant and machine operators and assemblers
EWCSR3,q2rrc090,Q2RRC: 9
EWCSR3,q2rrc091,Q2RRC: 91
EWCSR3,q2rrc092,Q2RRC: 92
EWCSR3,q2rrc093,Q2RRC: 93
EWCSR3,q2rrc094,Q2RRC: 94
EWCSR3,q2rrc095,Q2RRC: 95
EWCSR3,q2rrc096,Q2RRC: 96
EWCSR3,q2rrc097,Q2RRC: 97
EWCSR3,q2rrc098,Q2RRC: 98
EWCSR3,q2rrc099,Q2RRC: 99
EWCSR3,q2rrc100,Q2RRC: Elementary occupations
EWCSR3,q3a_n,Q.3.a. - How many years have you been in your company or organisation?
EWCSR3,q3a1,Q.3.A.1. - Number of months :
EWCSR3,q3arr,Q.3.a. - How many years have you been in your company or organisation?
EWCSR3,q3arr1,Q.3.a. - How many months have you been in your company or organisation?
EWCSR3,q3b_n,Q.3.B. - How many years have you been in your present main job?
EWCSR3,q3b1,Q.3.B.1. - Number of months :
EWCSR3,q3brr,Q.3.b. - How many years have you been in your present main paid job ?
EWCSR3,q3brr1,Q.3.b. - How many months have you been in your present main paid job ?
EWCSR3,q4_n,Q.4.a. - Are you mainly
EWCSR3,q4r,Q.4.a. - Are you mainly
EWCSR3,q4b,Q.4.b. - Is it
EWCSR3,q4br,Q.4.b. - Is it
EWCSR3,q4c,Q.4.c. - What is the exact duration of the contract in number of years and months?
EWCSR3,q4c2,Q.4.c.2. - Number of months :
EWCSR3,q4crr,Q.4.c. - What is the exact duration of the contract in number of years ?
EWCSR3,q4crr1,Q.4.c. - What is the exact duration of the contract in number of months ?
EWCSR3,q5r,Q.5. - What is the main activity of the company or organisation where you work ?
EWCSR3,q5r2,Q.5. - What is the main activity of the company or organisation where you work ?
EWCSR3,q6_n,Q.6. - Are you working in ...
EWCSR3,q7_n,Q.7. - How many people in total work in the local unit of the establishment where you work?
EWCSR3,q8,Q.8. - How many people work under your supervision for whom depend directly on you?
EWCSR3,q9,"Q.9. - Besides your main paid job, do you have any other paid job?"
EWCSR3,q10,Q.10. - For how many hours a week?
EWCSR3,q10r,Q.10. - For how many hours a week?
EWCSR3,q11a_n,"Q.11.1. - Please tell me, using the following scale, are you exposed at work to "
EWCSR3,q11b_n,"Q.11.2. - Please tell me, using the following scale, are you exposed at work to "
EWCSR3,q11c_n,"Q.11.3. - Please tell me, using the following scale, are you exposed at work to "
EWCSR3,q11d_n,"Q.11.4. - Please tell me, using the following scale, are you exposed at work to "
EWCSR3,q11e_n,"Q.11.5. - Please tell me, using the following scale, are you exposed at work to "
EWCSR3,q11f_n,"Q.11.6. - Please tell me, using the following scale, are you exposed at work to "
EWCSR3,q11g_n,"Q.11.7. - Please tell me, using the following scale, are you exposed at work to "
EWCSR3,q11r1,"Q.11.1. - Please tell me, using the following scale, are you exposed at work to "
EWCSR3,q11r2,"Q.11.2. - Please tell me, using the following scale, are you exposed at work to "
EWCSR3,q11r3,"Q.11.3. - Please tell me, using the following scale, are you exposed at work to "
EWCSR3,q11r4,"Q.11.4. - Please tell me, using the following scale, are you exposed at work to "
EWCSR3,q11r5,"Q.11.5. - Please tell me, using the following scale, are you exposed at work to "
EWCSR3,q11r6,"Q.11.6. - Please tell me, using the following scale, are you exposed at work to "
EWCSR3,q11r7,"Q.11.7. - Please tell me, using the following scale, are you exposed at work to "
EWCSR3,q12a,"Q.12.1. - Please tell me, using the following scale, does your main paid job involve "
EWCSR3,q12b,"Q.12.2. - Please tell me, using the following scale, does your main paid job involve "
EWCSR3,q12c,"Q.12.3. - Please tell me, using the following scale, does your main paid job involve "
EWCSR3,q12d,"Q.12.4. - Please tell me, using the following scale, does your main paid job involve "
EWCSR3,q12e,"Q.12.5. - Please tell me, using the following scale, does your main paid job involve "
EWCSR3,q12f,"Q.12.6. - Please tell me, using the following scale, does your main paid job involve "
EWCSR3,q12g,"Q.12.7. - Please tell me, using the following scale, does your main paid job involve "
EWCSR3,q12h,"Q.12.8. - Please tell me, using the following scale, does your main paid job involve "
EWCSR3,q12r1,"Q.12.1. - Please tell me, using the following scale, does your main paid job involve "
EWCSR3,q12r2,"Q.12.2. - Please tell me, using the following scale, does your main paid job involve "
EWCSR3,q12r3,"Q.12.3. - Please tell me, using the following scale, does your main paid job involve "
EWCSR3,q12r4,"Q.12.4. - Please tell me, using the following scale, does your main paid job involve "
EWCSR3,q12r5,"Q.12.5. - Please tell me, using the following scale, does your main paid job involve "
EWCSR3,q12r6,"Q.12.6. - Please tell me, using the following scale, does your main paid job involve "
EWCSR3,q12r7,"Q.12.7. - Please tell me, using the following scale, does your main paid job involve "
EWCSR3,q12r8,"Q.12.8. - Please tell me, using the following scale, does your main paid job involve "
EWCSR3,q13_n,Q.13. - Would you say you are very well informed?
EWCSR3,q14,"Q.14. - How many hours do you usually work per week, in your main paid job ?"
EWCSR3,q14r,"Q.14. - How many hours do you usually work per week, in your main paid job ?"
EWCSR3,q14r2,"Q.14. - How many hours do you usually work per week, in your main paid job ?"
EWCSR3,q15,"Q.15. - In total, how many minutes per day do you normally spend travelling from home to work and back?"
EWCSR3,q15b_n,q15b_n
EWCSR3,q15r,"Q.15. - In total, how many minutes per day do you normally spend travelling from home to work and back?"
EWCSR3,q15r2,"Q.15. - In total, how many minutes per day do you normally spend travelling from home to work and back?"
EWCSR3,q16a,"Q.16.a. - Normally, how many times a month do you work at night, say for at least 2 hours between 10.00 pm and 05.00 am?"
EWCSR3,q16ar,"Q.16.a. - Normally, how many times a month do you work at night, say for at least 2 hours between 10.00 pm and 05.00 am?"
EWCSR3,q16ar1,"Q.16.a. - Normally, how many times a month do you work at night, say for at least 2 hours between 10.00 pm and 05.00 am?"
EWCSR3,q16b_n,"Q.16.b. - And how many times a month do you work in the evening, for at least 2 hours between 6 pm and 10 pm?"
EWCSR3,q16br,"Q.16.b. - And how many times a month do you work in the evening, for at least 2 hours between 6 pm and 10 pm?"
EWCSR3,q16br2,"Q.16.b. - And how many times a month do you work in the evening, for at least 2 hours between 6 pm and 10 pm?"
EWCSR3,q16c,Q.16.c. - And how many times a month do you work on Sundays?
EWCSR3,q16cr,Q.16.c. - And how many times a month do you work on Sundays?
EWCSR3,q16d,Q.16.d. - And how many times a month do you work on Saturdays?
EWCSR3,q16dr,Q.16.d. - And how many times a month do you work on Saturdays?
EWCSR3,q16e,Q.16.e. - And how many times a month do you work more than 10 hours a day?
EWCSR3,q16er,Q.16.e. - And how many times a month do you work more than 10 hours a day?
EWCSR3,q16er2,Q.16.e. - And how many times a month do you work more than 10 hours a day?
EWCSR3,q17,Q.17.a. - Do you work part-time?
EWCSR3,q17b_n,Q.17.b. - Would you like to work...
EWCSR3,q1801,Q.18.a.1. - Do you work...?
EWCSR3,q1802,Q.18.a.2. - Do you work...?
EWCSR3,q1803,Q.18.a.3. - Do you work...?
EWCSR3,q1804,Q.18.a.4. - Do you work...?
EWCSR3,q18b,Q.18.b. - Do you work shifts?
EWCSR3,q18c,Q.18.c. - Do you work...?
EWCSR3,q19a,Q19A: It never changes
EWCSR3,q19a1,Q.19.a.1. - How many times a month:
EWCSR3,q19ar,"Q.19.a. - Usually, how many times a month do your scheduled working times change?"
EWCSR3,q19ar2,"Q.19.a. - Usually, how many times a month do your scheduled working times change?"
EWCSR3,q19b,"Q.19.b. - Usually, how many days in advance do you know of a change?"
EWCSR3,q19b1,Q.19.b.1. - Number of days:
EWCSR3,q19br,"Q.19.b. - Usually, how many days in advance do you know of a change?"
EWCSR3,q20,"Q.20. - In general, do your working hours fit in with your family or social commitments outside work?"
EWCSR3,q2101,"Q.21.a.1. - Please tell me, does your job involve short repetitive tasks of less than...? - 5 SECONDS"
EWCSR3,q2102,"Q.21.a.2. - Please tell me, does your job involve short repetitive tasks of less than...? - 30 SECONDS"
EWCSR3,q2103,"Q.21.a.3. - Please tell me, does your job involve short repetitive tasks of less than...? - 1 MINUTE"
EWCSR3,q2104,"Q.21.a.4. - Please tell me, does your job involve short repetitive tasks of less than...? - 5 MINUTES"
EWCSR3,q2105,"Q.21.a.5. - Please tell me, does your job involve short repetitive tasks of less than...? - 10 MINUTES"
EWCSR3,q21b1,"Q.21.b.1. - And, does your job involve...(SHOW CARD WITH SCALE)? - WORKING AT VERY HIGH SPEED"
EWCSR3,q21b2,"Q.21.b.2. - And, does your job involve...(SHOW CARD WITH SCALE)? - WORKING TO TIGHT DEADLINES"
EWCSR3,q21b1r,"Q.21.b.1. - And, does your job involve...(SHOW CARD WITH SCALE)? - WORKING AT VERY HIGH SPEED"
EWCSR3,q21b2r,"Q.21.b.2. - And, does your job involve...(SHOW CARD WITH SCALE)? - WORKING TO TIGHT DEADLINES"
EWCSR3,q2201,"Q.22.1. - On the whole, is your pace of work dependent, or not, on...? - THE WORK DONE BY COLLEAGUES"
EWCSR3,q2202,"Q.22.2. - On the whole, is your pace of work dependent, or not, on...? - DIRECT DEMANDS FROM PEOPLE"
EWCSR3,q2203,"Q.22.3. - On the whole, is your pace of work dependent, or not, on...? - NUMERICAL PRODUCTION TARGETS"
EWCSR3,q2204,"Q.22.4. - On the whole, is your pace of work dependent, or not, on...? - AUTOMATIC SPEED OF A MACHINE"
EWCSR3,q2205,"Q.22.5. - On the whole, is your pace of work dependent, or not, on...? - THE DIRECT CONTROL OF YOUR BOSS"
EWCSR3,q23a_n,Q.23.a. - How often do you have to interrupt a task you are doing in order to take on a unforeseen task?
EWCSR3,q23bc1,Q23BC: the nature of your work
EWCSR3,q23bc2,Q23BC: bad organisation of work
EWCSR3,q23bc3,Q23BC: requests from colleagues or superiors
EWCSR3,q23bc4,"Q23BC: external requests (clients, etc.)"
EWCSR3,q23bc5,Q23BC: machines or equipment working badly
EWCSR3,q23bc6,Q23BC: bad design of workplace or work station
EWCSR3,q23bc7,Q23BC: Other (SPONTANEOUS)
EWCSR3,q23bc8,Q23BC: DK
EWCSR3,q23c_n,"Q.23.c. - For your work, are these interruptions..."
EWCSR3,q2401,"Q.24.1. - Generally, does your main paid job involve, or not,...? - MEETING PRECISE QUALITY STANDARDS"
EWCSR3,q2402,"Q.24.2. - Generally, does your main paid job involve, or not,...? - ASSESSING YOURSELF THE QUALITY OF YOUR OWN WORK"
EWCSR3,q2403,"Q.24.3. - Generally, does your main paid job involve, or not,...? - SOLVING UNFORESEEN PROBLEMS ON YOUR OWN"
EWCSR3,q2404,"Q.24.4. - Generally, does your main paid job involve, or not,...? - MONOTONOUS TASKS"
EWCSR3,q2405,"Q.24.5. - Generally, does your main paid job involve, or not,...? - COMPLEX TASKS"
EWCSR3,q2406,"Q.24.6. - Generally, does your main paid job involve, or not,...? - LEARNING NEW THINGS"
EWCSR3,q2501,"Q.25.1. - Are you able, or not, to choose or change...? - YOUR ORDER OF TASKS"
EWCSR3,q2502,"Q.25.2. - Are you able, or not, to choose or change...? - YOUR METHODS OF WORK"
EWCSR3,q2503,"Q.25.3. - Are you able, or not, to choose or change...? - YOUR SPEED OR RATE OF WORK"
EWCSR3,q2601,"Q.26.1. - For each of the following statements, please answer yes or no. - YOU CAN GET ASSISTANCE FROM COLLEAGUES IF YOU ASK FOR IT"
EWCSR3,q2602,"Q.26.2. - For each of the following statements, please answer yes or no. - YOU CAN TAKE YOUR BREAK WHEN YOU WISH"
EWCSR3,q2603,"Q.26.3. - For each of the following statements, please answer yes or no. - YOU ARE FREE TO DECIDE WHEN TO TAKE HOLIDAYS OR DAYS OFF"
EWCSR3,q2604,"Q.26.4. - For each of the following statements, please answer yes or no. - YOU CAN INFLUENCE YOUR WORKING HOURS"
EWCSR3,q2605,"Q.26.5. - For each of the following statements, please answer yes or no. - YOU HAVE ENOUGH TIME TO GET THE JOB DONE"
EWCSR3,q2606,"Q.26.6. - For each of the following statements, please answer yes or no. - YOU HAVE ACCESS TO A TELEPHONE FOR PRIVATE CALLS"
EWCSR3,q2701,"Q.27.a.1. - In your job, do you have responsibility or not for...? - PRODUCTION PLANNING"
EWCSR3,q2702,"Q.27.a.2. - In your job, do you have responsibility or not for...? - STAFFING"
EWCSR3,q2703,"Q.27.a.3. - In your job, do you have responsibility or not for...? - WORKING TIMES AND SHIFTS"
EWCSR3,q27b1,"Q.27.b.1. - Does your job involve, or not...? - ROTATING TASKS BETWEEN YOURSELF AND COLLEAGUES"
EWCSR3,q27b2,"Q.27.b.2. - Does your job involve, or not...? - DOING ALL OR PART OF YOUR WORK IN A TEAM"
EWCSR3,q28,Q.28. - How well do you think your skills match the demands imposed on you by your job?
EWCSR3,q29,"Q.29. - Over the past 12 months, have you undergone training to improve your skills or not?"
EWCSR3,q29r,"Q.29. - Over the past 12 months, have you undergone training to improve your skills or not?"
EWCSR3,q29r2,"Q.29. - Over the past 12 months, have you undergone training to improve your skills or not?"
EWCSR3,q30a1,"Q.30.a.1. - Within your workplace, are you able to discuss...? - YOUR WORKING CONDITIONS IN GENERAL"
EWCSR3,q30a2,"Q.30.a.2. - Within your workplace, are you able to discuss...? - THE ORGANISATION OF YOUR WORK WHEN CHANGES TAKE PLACE"
EWCSR3,q30b1,Q.30.b.1. - Do these exchanges of views take place...? - WITH YOUR COLLEAGUES
EWCSR3,q30b2,Q.30.b.2. - Do these exchanges of views take place...? - WITH YOUR SUPERIORS
EWCSR3,q30b3,Q.30.b.3. - Do these exchanges of views take place...? - WITH STAFF REPRESENTATIVES
EWCSR3,q30b4,Q.30.b.4. - Do these exchanges of views take place...? - WITH OUTSIDE EXPERTS
EWCSR3,q30b5,Q.30.b.5. - Do these exchanges of views take place...? - ON A REGULAR BASIS
EWCSR3,q30b6,Q.30.b.6. - Do these exchanges of views take place...? - ON A FORMAL BASIS
EWCSR3,q30c1,"Q.30.c.1. - And, do these exchanges of views lead to improvements...? - AT YOUR OWN PERSONAL WORKPLACE"
EWCSR3,q30c2,"Q.30.c.2. - And, do these exchanges of views lead to improvements...? - IN YOUR OFFICE OR FACTORY"
EWCSR3,q30c3,"Q.30.c.3. - And, do these exchanges of views lead to improvements...? - IN THE ORGANISATION AS A WHOLE"
EWCSR3,q3101,"Q.31.1. - Over the past 12 months, have you or have you not, been subjected at work to...? - PHYSICAL VIOLENCE"
EWCSR3,q3102,"Q.31.2. - Over the past 12 months, have you or have you not, been subjected at work to...? - PHYSICAL VIOLENCE"
EWCSR3,q3103,"Q.31.3. - Over the past 12 months, have you or have you not, been subjected at work to...? - INTIMIDATION"
EWCSR3,q3104,"Q.31.4. - Over the past 12 months, have you or have you not, been subjected at work to...? - SEXUAL DISCRIMINATION"
EWCSR3,q3105,"Q.31.5. - Over the past 12 months, have you or have you not, been subjected at work to...? - UNWANTED SEXUAL ATTENTION"
EWCSR3,q3106,"Q.31.6. - Over the past 12 months, have you or have you not, been subjected at work to...? - AGE DISCRIMINATION"
EWCSR3,q3107,"Q.31.7. - Over the past 12 months, have you or have you not, been subjected at work to...? - DISCRIMINATION LINKED TO NATIONALITY"
EWCSR3,q3108,"Q.31.8. - Over the past 12 months, have you or have you not, been subjected at work to...? - DISCRIMINATION LINKED TO ETHNIC"
EWCSR3,q3109,"Q.31.9. - Over the past 12 months, have you or have you not, been subjected at work to...? - DISCRIMINATION LINKED TO DISABILITY"
EWCSR3,q3110,"Q.31.10. - Over the past 12 months, have you or have you not, been subjected at work to...? - DISCRIMINATION LINKED TO SEXUAL"
EWCSR3,q3201,"Q.32.1. - In the establishment where you work, are you aware of the existence of...? - PHYSICAL VIOLENCE"
EWCSR3,q3202,"Q.32.2. - In the establishment where you work, are you aware of the existence of...? - PHYSICAL VIOLENCE"
EWCSR3,q3203,"Q.32.3. - In the establishment where you work, are you aware of the existence of...? - INTIMIDATION"
EWCSR3,q3204,"Q.32.4. - In the establishment where you work, are you aware of the existence of...? - SEXUAL DISCRIMINATION"
EWCSR3,q3205,"Q.32.5. - In the establishment where you work, are you aware of the existence of...? - UNWANTED SEXUAL ATTENTION"
EWCSR3,q3206,"Q.32.6. - In the establishment where you work, are you aware of the existence of...? - AGE DISCRIMINATION"
EWCSR3,q3207,"Q.32.7. - In the establishment where you work, are you aware of the existence of...? - DISCRIMINATION LINKED TO NATIONALITY"
EWCSR3,q3208,"Q.32.8. - In the establishment where you work, are you aware of the existence of...? - DISCRIMINATION LINKED TO ETHNIC"
EWCSR3,q3209,"Q.32.9. - In the establishment where you work, are you aware of the existence of...? - DISCRIMINATION LINKED TO DISABILITY"
EWCSR3,q3210,"Q.32.10. - In the establishment where you work, are you aware of the existence of...? - DISCRIMINATION LINKED TO SEXUAL"
EWCSR3,q33_n,Q.33. - Is your immediate boss a man or a woman?
EWCSR3,q34,"Q.34. - Do you think your health or safety is at risk because of your work, or not?"
EWCSR3,q35c01,"Q35C: No, it does not affect my health"
EWCSR3,q35c02,"Q35C: Yes, hearing problems"
EWCSR3,q35c03,"Q35C: Yes, problems with your vision"
EWCSR3,q35c04,"Q35C: Yes, skin problems"
EWCSR3,q35c05,"Q35C: Yes, backache"
EWCSR3,q35c06,"Q35C: Yes, headaches"
EWCSR3,q35c07,"Q35C: Yes, stomach ache"
EWCSR3,q35c08,"Q35C: Yes, muscular pains in shoulders and neck"
EWCSR3,q35c09,"Q35C: Yes, muscular pains in upper limbs"
EWCSR3,q35c10,"Q35C: Yes, muscular pains in lower limbs"
EWCSR3,q35c11,"Q35C: Yes, respiratory difficulties"
EWCSR3,q35c12,"Q35C: Yes, heart disease"
EWCSR3,q35c13,"Q35C: Yes, injury"
EWCSR3,q35c14,"Q35C: Yes, stress"
EWCSR3,q35c15,"Q35C: Yes, overall fatigue"
EWCSR3,q35c16,"Q35C: Yes, sleeping problems"
EWCSR3,q35c17,"Q35C: Yes, allergies"
EWCSR3,q35c18,"Q35C: Yes, anxiety"
EWCSR3,q35c19,"Q35C: Yes, irritability"
EWCSR3,q35c20,"Q35C: Yes, trauma"
EWCSR3,q35c21,Q35C: Other (SPONTANEOUS)
EWCSR3,q35c22,Q35C: My work improves my health (SPONTANEOUS)
EWCSR3,q35c23,Q35C: DK
EWCSR3,q36a,"Q.36.a. - In your main paid job, how many days over the past 12 months were you absent due to an accident at work?"
EWCSR3,q36ar,"Q.36.a. - In your main paid job, how many days over the past 12 months were you absent due to an accident at work?"
EWCSR3,q36b,Q.36.b. - And due to health problems caused by your work?
EWCSR3,q36br,Q.36.b. - And due to health problems caused by your work?
EWCSR3,q36c,Q.36.c. - And due to other health problems?
EWCSR3,q36cr,Q.36.c. - And due to other health problems?
EWCSR3,ef11,How old are you ? (Average)
EWCSR3,ef11r,How old are you ? (4 cat.)
EWCSR3,ef11r1,How old are you ? (6 cat.)
EWCSR3,ef11r2,How old are you ? (4 cat. - 2nd version)
EWCSR3,ef11r4,AGE
EWCSR3,age_sex,AGE + SEX
EWCSR3,agesex2,AGE + SEX - 2nd version
EWCSR3,q37,Q.37. - Do you think you will be able to do the same job you are doing now when you are 60 years old?
EWCSR3,q38,Q.38. - On the whole are you very satisfied with working conditions in your main paid job?
EWCSR3,ef7,EF.7. - Could you give me the letter which corresponds best to your own current situation ?
EWCSR3,ef10,EF.10. - SEX
EWCSR3,ef12r,"EF.12. (RECODED) - How many people live in your household, including yourself, all adults and children ?"
EWCSR3,ef13r,EF.13. (RECODED) - How many children under 15 are currently living at home ?
EWCSR3,ef13br,EF.13.bis (RECODED) - How many people in your household have a paid job?
EWCSR3,d19a,EF.19.A. - Are you in your household the person mainly responsible for ordinary shopping and looking after the home?
EWCSR3,d19b,EF.19.B. - Are you in your household the person who contributes most to the household income?
EWCSR3,ef2001,EF.20.1. - How often are you involved in any of the following activities outside work? - VOLUNTARY OR CHARITABLE ACTIVITY
EWCSR3,ef2002,EF.20.2. - How often are you involved in any of the following activities outside work? - POLITICAL/TRADE UNION ACTIVITY
EWCSR3,ef2003,EF.20.3. - How often are you involved in any of the following activities outside work? - CARING FOR AND EDUCATING YOUR CHILDREN
EWCSR3,ef2004,EF.20.4. - How often are you involved in any of the following activities outside work? - COOKING
EWCSR3,ef2005,EF.20.5. - How often are you involved in any of the following activities outside work? - HOUSEWORK
EWCSR3,ef2006,EF.20.6. - How often are you involved in any of the following activities outside work? - CARING FOR ELDERLY/DISABLED RELATIVES
EWCSR3,ef2007,EF.20.7. - How often are you involved in any of the following activities outside work? - TAKING A TRAINING OR EDUCATION COURSE
EWCSR3,ef2008,EF.20.8. - How often are you involved in any of the following activities outside work? - SPORTING ACTIVITY
EWCSR3,ef2009,EF.20.9. - How often are you involved in any of the following activities outside work? - CULTURAL ACTIVITY
EWCSR3,ef2010,EF.20.10. - How often are you involved in any of the following activities outside work? - LEISURE ACTIVITY
EWCSR3,ef21c1,HARMONISED INCOME SCALE
EWCSR3,ef22c01,EF22C: Basic fixed salary/wage
EWCSR3,ef22c02,EF22C: Piece rate or productivity payments
EWCSR3,ef22c03,EF22C: Extra payments for additional hours of work/overtime
EWCSR3,ef22c04,EF22C: Extra payments compensating for bad or dangerous working conditions
EWCSR3,ef22c05,EF22C: Extra payments compensating for Sunday work
EWCSR3,ef22c06,EF22C: Other extra payments
EWCSR3,ef22c07,EF22C: Paym. based on the overall perf. of the co. (profit sharing scheme) where you work
EWCSR3,ef22c08,EF22C: Payments based on the overall performance of a group
EWCSR3,ef22c09,EF22C: Income from shares in the company your work for
EWCSR3,ef22c10,EF22C: Other
EWCSR3,ef22c11,EF22C: DK
EWCSR3,ef22c12,EF22C: Refusal
EWCSR3,ef23c1,"EF23C: Income from self-employment such as own business, profession or farm"
EWCSR3,ef23c2,EF23C: Pay. based on the overall perf. of the co. (profit sharing scheme) where you work
EWCSR3,ef23c3,EF23C: Payments based on the overall performance of a group
EWCSR3,ef23c4,EF23C: Income from shares in the company your work for
EWCSR3,ef23c5,EF23C: Other
EWCSR3,ef23c6,EF23C: DK
EWCSR3,ef23c7,EF23C: Refusal
EWCSR3,p1r,P.1. - DATE OF THE INTERVIEW
EWCSR3,p2r,P.2. - Time of the beginning of the interview
EWCSR3,p3r,P.3. - Number of minutes the interview lasted
EWCSR3,p4_n,"P.4. - Number of persons present during the interview, including interviewer."
EWCSR3,p5_n,P.5. - Respondent cooperation
EWCSR3,p12,P.12. - Telephone available in the household ?
EWCSR3,w1_n,W.1. - WEIGHT RESULT FROM TARGET
EWCSR3,w2,W.2. - WEIGHT ADJUSTED TO STANDARD SIZE
EWCSR3,w11,W.11. - WEIGHT EUROPE 15
EWCSR3,w11p,W.11P. - WEIGHT EUROPE 15+ (NORWAY INCLUDED)
EWCSR3,pays,COUNTRIES
EWCSR3,ef21_bel,EF.21. - BEL - We also need some information about the income of this household to be able to analyse the survey results
EWCSR3,p6_bel,P.6. - BEL - SIZE OF LOCALITY
EWCSR3,p7_bel,P.7. - BEL - Basic regions
EWCSR3,p7r_bel,P.7. - BEL - Combined regions
EWCSR3,p13_bel,P.13. - BEL - LANGUAGE P.13. - BEL - LANGUAGE
EWCSR3,m7_bel,P.7. - BEL - Regions
EWCSR3,ef21_den,EF.21. - DEN - We also need some information about the income of this household to be able to analyse the survey results
EWCSR3,p6_den,P.6. - DEN - SIZE OF LOCALITY
EWCSR3,p7_den,P.7. - DEN - Basic regions
EWCSR3,ef21_gre,EF.21. - GRE - We also need some information about the income of this household to be able to analyse the survey results
EWCSR3,p6_gre,P.6. - GRE - SIZE OF LOCALITY
EWCSR3,p7_gre,P.7. - GRE - Basic regions
EWCSR3,m7_gre,P.7. - GRE - Combined regions
EWCSR3,ef21_ita,EF.21. - ITA - We also need some information about the income of this household to be able to analyse the survey results
EWCSR3,p6_ita,P.6. - ITA - SIZE OF LOCALITY
EWCSR3,p7_ita,P.7. - ITA - Basic regions
EWCSR3,p7r_ita,P.7. - ITA - Combined regions
EWCSR3,ef21_spa,EF.21. - SPA - We also need some information about the income of this household to be able to analyse the survey results
EWCSR3,p6_spa,P.6. - SPA - SIZE OF LOCALITY
EWCSR3,p7_spa,P.7. - SPA - Basic regions
EWCSR3,p7r_spa,P.7. - SPA - Combined regions
EWCSR3,ef21_fra,EF.21. - FRA - We also need some information about the income of this household to be able to analyse the survey results
EWCSR3,p6_fra,P.6. - FRA - SIZE OF LOCALITY
EWCSR3,p7_fra,P.7. - FRA - Basic regions
EWCSR3,p7r_fra,P.7. - FRA - Combined regions
EWCSR3,ef21_irl,EF.21. - IRL - We also need some information about the income of this household to be able to analyse the survey results
EWCSR3,p6_irl,P.6. - IRL - SIZE OF LOCALITY
EWCSR3,p7_irl,P.7. - IRL - Basic regions
EWCSR3,p7r_irl,P.7. - IRL - Combined regions
EWCSR3,ef21_lux,EF.21. - LUX - We also need some information about the income of this household to be able to analyse the survey results
EWCSR3,p6_lux,P.6. - LUX - SIZE OF LOCALITY
EWCSR3,p13_lux,P.13. - LUX - LANGUAGE
EWCSR3,ef21_net,EF.21. - NET - We also need some information about the income of this household to be able to analyse the survey results
EWCSR3,p6_net,P.6. - NET - SIZE OF LOCALITY
EWCSR3,p7_net,P.7. - NET - Basic regions
EWCSR3,p7r_net,P.7. - NET - Combined regions
EWCSR3,ef21_por,EF.21. - POR - We also need some information about the income of this household to be able to analyse the survey results
EWCSR3,p6_por,P.6. - POR - SIZE OF LOCALITY
EWCSR3,p7_por,P.7. - POR - Basic regions
EWCSR3,m7_por,P.7. - POR - Combined regions
EWCSR3,ef21_gb,EF.21. - GB - We also need some information about the income of this household to be able to analyse the survey results
EWCSR3,p6_gb,P.6. - GB - SIZE OF LOCALITY
EWCSR3,p7_gb,P.7. - GB - Basic regions
EWCSR3,m7_gb,P.7. - GB - Combined regions
EWCSR3,ef21_fin,EF.21. - FIN - We also need some information about the income of this household to be able to analyse the survey results
EWCSR3,p6_fin,P.6. - FIN - Size of locality
EWCSR3,p7_fin,P.7. - FIN - Basic regions
EWCSR3,p7r_fin,P.7. - FIN - Combined regions
EWCSR3,p13_fin,P.13. - FIN - LANGUAGE
EWCSR3,ef21_swe,EF.21. - SWE - We also need some information about the income of this household to be able to analyse the survey results
EWCSR3,p6_swe,P.6. - SWE - SIZE OF LOCALITY
EWCSR3,p7_swe,P.7. - SWE - Basic regions
EWCSR3,ef21_aus,EF.21. - AUS - We also need some information about the income of this household to be able to analyse the survey results
EWCSR3,p6_aus,P.6. - AUS - SIZE OF LOCALITY
EWCSR3,p7_aus,P.7. - AUS - Basic regions
EWCSR3,m7_aus,P.7. - AUS - Combined regions
EWCSR3,p6_ger,P.6. - GER - SIZE OF LOCALITY
EWCSR3,p7r_ger,P.7. - GER - Combined regions
EWCSR3,p7_ger,P.7. - GER - Basic regions
EWCSR3,ef21_nor,D.29. - NOR - We also need some information about the income of this household to be able to analyse the survey results
EWCSR3,p6_nor,P.6. - NOR - Size of locality
EWCSR3,p7_nor,P.7. - NOR - Basic regions
EWCSR3,isco_h,isco_h
EWCSR3,w00,w00
EWCSR3,w5_eu15,w5_eu15
EWCSR3,agsex,agsex
EWCSR3,nac,nac
EWCSR3,isc,isc
EWCSR3,reg,reg
EWCSR3,wst,wst
EWCSR3,wor,wor
EWCSR3,wst1,wst1
EWCSR3,w4_new,dataframe
EWCSR4,id,respondent id
EWCSR4,hh1,hh1.How many people live in this household?
EWCSR4,hh2a,hh2a. Sex - Respondent
EWCSR4,hh2b,hh2b. Age - Respondent
EWCSR4,hh2d,hh2d. Economic status - Respondent
EWCSR4,hh3_2a,hh3_2a. Sex - Person 2.
EWCSR4,hh3_2b,hh3_2b. Age - Person 2.
EWCSR4,hh3_2c,hh3_2c. Relationship to respondent - Person 2.
EWCSR4,hh3_2d,hh3_2d. Economic status - Person 2.
EWCSR4,hh3_3a,hh3_3a. Sex - Person 3.
EWCSR4,hh3_3b,hh3_3b. Age - Person 3.
EWCSR4,hh3_3c,hh3_3c. Relationship to respondent - Person 3.
EWCSR4,hh3_3d,hh3_3d. Economic status - Person 3.
EWCSR4,hh3_4a,hh3_4a. Sex - Person 4.
EWCSR4,hh3_4b,hh3_4b. Age - Person 4.
EWCSR4,hh3_4c,hh3_4c. Relationship to respondent - Person 4.
EWCSR4,hh3_4d,hh3_4d. Economic status - Person 4.
EWCSR4,hh3_5a,hh3_5a. Sex - Person 5.
EWCSR4,hh3_5b,hh3_5b. Age - Person 5.
EWCSR4,hh3_5c,hh3_5c. Relationship to respondent - Person 5.
EWCSR4,hh3_5d,hh3_5d. Economic status - Person 5.
EWCSR4,hh3_6a,hh3_6a. Sex - Person 6.
EWCSR4,hh3_6b,hh3_6b. Age - Person 6.
EWCSR4,hh3_6c,hh3_6c. Relationship to respondent - Person 6.
EWCSR4,hh3_6d,hh3_6d. Economic status - Person 6.
EWCSR4,hh3_7a,hh3_7a. Sex - Person 7.
EWCSR4,hh3_7b,hh3_7b. Age - Person 7.
EWCSR4,hh3_7c,hh3_7c. Relationship to respondent - Person 7.
EWCSR4,hh3_7d,hh3_7d. Economic status - Person 7.
EWCSR4,hh3_8a,hh3_8a. Sex - Person 8.
EWCSR4,hh3_8b,hh3_8b. Age - Person 8.
EWCSR4,hh3_8c,hh3_8c. Relationship to respondent - Person 8.
EWCSR4,hh3_8d,hh3_8d. Economic status - Person 8.
EWCSR4,hh3_9a,hh3_9a. Sex - Person 9.
EWCSR4,hh3_9b,hh3_9b. Age - Person 9.
EWCSR4,hh3_9c,hh3_9c. Relationship to respondent - Person 9.
EWCSR4,hh3_9d,hh3_9d. Economic status - Person 9.
EWCSR4,hh3_10a,hh3_10a. Sex - Person 10.
EWCSR4,hh3_10b,hh3_10b. Age - Person 10.
EWCSR4,hh3_10c,hh3_10c. Relationship to respondent - Person 10.
EWCSR4,hh3_10d,hh3_10d. Economic status - Person 10.
EWCSR4,q1a,Q1a. Are you a citizen of  country?
EWCSR4,q1b,q1b. Are you a citizen of ?
EWCSR4,q2aOK,q2a. What is the title of your main paid job?
EWCSR4,q2b,q2b. How old were you when you stopped full-time education?
EWCSR4,q2c,q2c. How many years have you been in paid employment since the age at which you stopped full-time education?
EWCSR4,q2d,q2d. How many years have you been in your company or organisation?
EWCSR4,q3a,q3a. Are you mainly ... ?
EWCSR4,q3b,q3b. What kind of employment contract do you have?
EWCSR4,q3c_1,q3c_1. What is the exact duration of the contract in number of years?
EWCSR4,q3c_2,q3c_2. What is the exact duration of the contract in number of months?
EWCSR4,q4,q4. What is the main activity of the company or organisation where you work?
EWCSR4,q5,q5. Are you working in the ?
EWCSR4,q6,q6. How many people in total work in the local unit of the establishment where you work?
EWCSR4,q7,q7. How many people work under your supervision?
EWCSR4,q8a,q8a. How many hours do you usually work per week in your main paid job?
EWCSR4,q8b,q8b. How many days per week do you usually work in your main paid job?
EWCSR4,q9a,"q9a. Besides your main paid job, do you have any other paid job(s)?"
EWCSR4,q9b,q9b. How many hours a week on average do you work in job(s) other than your main paid job?
EWCSR4,q10a,"q10a. Are you exposed at work to - vibrations from hand tools, machinery, etc.?"
EWCSR4,q10b,q10b. Are you exposed at work to - noise so loud that you would have to raise your voice to talk to people?
EWCSR4,q10c,q10c. Are you exposed at work to - high temperatures which make you perspire even when not working?
EWCSR4,q10d,q10d. Are you exposed at work to - low temperatures whether indoors or outdoors?
EWCSR4,q10e,"q10e. Are you exposed at work to - breathing in smoke, fumes, powder or dust etc.?"
EWCSR4,q10f,q10f. Are you exposed at work to - breathing in vapours such as solvents and thinners?
EWCSR4,q10g,q10g. Are you exposed at work to - handling or being in skin contact with chemical products or  substances?
EWCSR4,q10h,"q10h. Are you exposed at work to - radiation such as X rays, radioactive radiation, welding light, laser beams?"
EWCSR4,q10i,q10i. Are you exposed at work to - tobacco smoke from other people?
EWCSR4,q10j,q10j. Are you exposed at work to - handling or being in direct contact with materials which can be infectious?
EWCSR4,q11a,q11a. Does your main paid job involve - tiring or painful positions?
EWCSR4,q11b,q11b. Does your main paid job involve - lifting or moving people?
EWCSR4,q11c,q11c. Does your main paid job involve - carrying or moving heavy loads?
EWCSR4,q11d,q11d. Does your main paid job involve - standing or walking?
EWCSR4,q11e,q11e. Does your main paid job involve - repetitive hand or arm movements?
EWCSR4,q11f,q11f. Does your main paid job involve - working at company/organisation premise?
EWCSR4,q11g,q11g. Does your main paid job involve - teleworking from home with a PC?
EWCSR4,q11h,"q11h. Does your main paid job involve - working at home, excluding telework?"
EWCSR4,q11i,q11i. Does your main paid job involve - working in places other than home or company/organisation premises?
EWCSR4,q11j,q11j. Does your main paid job involve - dealing directly with people who are not employees at your workplace?
EWCSR4,q11k,"q11k. Does your main paid job involve - working with computers: PCs, network, mainframe?"
EWCSR4,q11l,q11l. Does your main paid job involve - using internet/email for professional purposes?
EWCSR4,q11m,q11m. Does your main paid job involve - wearing personal protective clothing or equipment?
EWCSR4,q12,"q12. Regarding the health and safety risks related to performance of your job, how well informed would you say you are?"
EWCSR4,q13,"q13. In total, how many minutes per day do you normally spend travelling from home to work and back?"
EWCSR4,q14a,"q14a. Normally, how many times a month do you work at night, for at least 2 hours?"
EWCSR4,q14b,"q14b. How many times a month do you work in the evening, for at least 2 hours?"
EWCSR4,q14c,q14c. How many times a month do you work on Sundays?
EWCSR4,q14d,q14d. How many times a month do you work on Saturdays?
EWCSR4,q14e,q14e. How many times a month do you work more than 10 hours a day?
EWCSR4,q15a,q15a. Do you work part-time or full-time?
EWCSR4,q15b,q15b. Would you like to work...?
EWCSR4,q16a_a,q16a_a. Do you work the same number of hours every day?
EWCSR4,q16a_b,q16a_b. Do you work the same number of days every week?
EWCSR4,q16a_c,q16a_c. Do you work fixed starting and finishing times?
EWCSR4,q16a_d,q16a_d. Do you work shifts?
EWCSR4,q16b,q16b. Do you work ...?
EWCSR4,q17a,q17a. How are your working time arrangements set?
EWCSR4,q17b,q17b. Do changes to your work schedule occur regularly?
EWCSR4,q18,q18. Do your working hours fit in with your family or social commitments outside work?
EWCSR4,q19,q19. In the past twelve months have you been contacted outside your normal working hours?
EWCSR4,q20a_a,q20a_a. Does your job involve short repetitive tasks of less than 1 minute?
EWCSR4,q20a_b,q20a_b. Does your job involve short repetitive tasks of less than 10 minutes?
EWCSR4,q20b_a,q20b_a. Does your job involve working at very high speed?
EWCSR4,q20b_b,q20b_b. Does your job involve working to tight deadlines?
EWCSR4,q21a,q21a. Is your pace of work dependent on the work done by colleagues?
EWCSR4,q21b,q21b. Is your pace of work dependent on direct demands from people?
EWCSR4,q21c,q21c. Is your pace of work dependent on numerical production targets or performance targets?
EWCSR4,q21d,q21d. Is your pace of work dependent on automatic speed of a machine or movement of a product?
EWCSR4,q21e,q21e. Is your pace of work dependent on the direct control of your boss?
EWCSR4,q22a,q22a. How often do you have to interrupt a task you are doing in order to take on an unforeseen task?
EWCSR4,q22b,"q22b. For your work, are these interruptions ..."
EWCSR4,q23a,q23a. Does your main paid job involve: meeting precise quality standards?
EWCSR4,q23b,q23b. Does your main paid job involve: assessing yourself the quality of your own work?
EWCSR4,q23c,q23c. Does your main paid job involve: solving unforeseen problems on your own?
EWCSR4,q23d,q23d. Does your main paid job involve: monotonous tasks?
EWCSR4,q23e,q23e. Does your main paid job involve: complex tasks?
EWCSR4,q23f,q23f. Does your main paid job involve: learning new things?
EWCSR4,q24a,q24a. Are you able to choose or change your order of tasks?
EWCSR4,q24b,q24b. Are you able to choose or change your methods of work?
EWCSR4,q24c,q24c. Are you able to choose or change your speed or rate of work?
EWCSR4,q25a,q25a. You can get assistance from colleagues if you ask for it.
EWCSR4,q25b,q25b. You can get assistance from your superiors/boss if you ask for it.
EWCSR4,q25c,q25c. You can get external assistance if you ask for it.
EWCSR4,q25d,q25d. You have influence over the choice of your working partners.
EWCSR4,q25e,q25e. You can take your break when you wish.
EWCSR4,q25f,q25f. You have enough time to get the job done.
EWCSR4,q25g,q25g. You are free to decide when to take holidays or days off.
EWCSR4,q25h,"q25h. At work, you have the opportunity to do what you do best."
EWCSR4,q25i,q25i. Your job gives you the feeling of work well done.
EWCSR4,q25j,q25j. You are able to apply your own ideas in your work.
EWCSR4,q25k,q25k. You have the feeling of doing useful work.
EWCSR4,q25l,q25l. You find your job intellectually demanding.
EWCSR4,q25m,q25m. You find your job emotionally demanding.
EWCSR4,q26a,q26a. Does your job involve rotating tasks between yourself and colleagues?
EWCSR4,q26a_1,q26a_1. Do the tasks require different skills?
EWCSR4,q26a_2a,q26a_2a. Your boss/manager decides the division of the tasks?
EWCSR4,q26a_2b,q26a_2b. Decided by people the division of the tasks who are rotating tasks?
EWCSR4,q26b,q26b. Does your job involve doing all or part of your work in a team?
EWCSR4,q26b_1a,q26b_1a. Do the members of the team decide by themselves on the division of tasks?
EWCSR4,q26b_1b,q26b_1b. Do the members of the team decide by themselves who will be head of the team?
EWCSR4,q27,q27. Which of the following alternatives would best describe your skills in your own work?
EWCSR4,q28a_1,"q28a_1. Have you undergone: Training paid for or provided by your employer, or by yourself if you are self-employed?"
EWCSR4,q28a_2,"q28a_2. Training paid for or provided by your employer, or by yourself if you are self-employed - number of days:"
EWCSR4,q28b_1,q28b_1. Have you undergone: Training paid for by yourself?
EWCSR4,q28b_2,q28b_2. Training paid for by yourself - number of days:
EWCSR4,q28c,q28c. Have you undergone: On-the-job training?
EWCSR4,q28d,q28d. Have you undergone: Other forms of on-site training and learning?
EWCSR4,q28e,q28e. Have you undergone: Other?
EWCSR4,q29a,q29a. Have you personally been subjected at work to threats of physical violence?
EWCSR4,q29b,q29b. Have you personally been subjected at work to physical violence from people from your workplace?
EWCSR4,q29c,q29c. Have you personally been subjected at work to physical violence from other people?
EWCSR4,q29d,q29d. Have you personally been subjected at work to bullying/harassment?
EWCSR4,q29e,q29e. Have you personally been subjected at work to sexual discrimination/discrimination linked to gender?
EWCSR4,q29f,q29f. Have you personally been subjected at work to unwanted sexual attention?
EWCSR4,q29g,q29g. Have you personally been subjected at work to age discrimination?
EWCSR4,q29h,q29h. Have you personally been subjected at work to discrimination linked to nationality?
EWCSR4,q29i,q29i. Have you personally been subjected at work to discrimination linked to ethnic background?
EWCSR4,q29j,q29j. Have you personally been subjected at work to discrimination linked to religion?
EWCSR4,q29k,q29k. Have you personally been subjected at work to discrimination linked to disability?
EWCSR4,q29l,q29l. Have you personally been subjected at work to discrimination linked to sexual orientation?
EWCSR4,q30a,q30a. Over the past 12 months have you had a frank discussion with your boss about your work performance?
EWCSR4,q30b,q30b. Over the past 12 months have you been consulted about changes in the organisation of work and/or your working conditions?
EWCSR4,q30c,q30c. Over the past 12 months have you been subject to regular formal assessment of your work performance?
EWCSR4,q30d,q30d. Over the past 12 months have you discussed work-related problems with your boss?
EWCSR4,q30e,q30e. Over the past 12 months have you discussed work-related problems with an employee representative?
EWCSR4,q31,q31. Is your immediate boss a man or a woman?
EWCSR4,q32,q32. Do you think your health or safety is at risk because of your work?
EWCSR4,q33,"q33. Does your work affect your health, or not?"
EWCSR4,q33a_a,q33a_a. Does your work affect your health: hearing problems?
EWCSR4,q33a_b,q33a_b. Does your work affect your health: problems with your vision?
EWCSR4,q33a_c,q33a_c. Does your work affect your health: skin problems?
EWCSR4,q33a_d,q33a_d. Does your work affect your health: backache?
EWCSR4,q33a_e,q33a_e. Does your work affect your health: headaches?
EWCSR4,q33a_f,q33a_f. Does your work affect your health: stomach ache?
EWCSR4,q33a_g,q33a_g. Does your work affect your health: muscular pains?
EWCSR4,q33a_h,q33a_h. Does your work affect your health: respiratory difficulties?
EWCSR4,q33a_i,q33a_i. Does your work affect your health: heart disease?
EWCSR4,q33a_j,q33a_j. Does your work affect your health: injury(ies)?
EWCSR4,q33a_k,q33a_k. Does your work affect your health: stress?
EWCSR4,q33a_l,q33a_l. Does your work affect your health: overall fatigue?
EWCSR4,q33a_m,q33a_m. Does your work affect your health: sleeping problems?
EWCSR4,q33a_n,q33a_n. Does your work affect your health: allergies?
EWCSR4,q33a_o,q33a_o. Does your work affect your health: anxiety?
EWCSR4,q33a_p,q33a_p. Does your work affect your health: irritability?
EWCSR4,q33a_q,q33a_q. Does your work affect your health: other?
EWCSR4,q34a_a,"q34a_a. In your main paid job, over the past twelve months, have you been absent for maternity or paternity leave?"
EWCSR4,q34a_b,"q34a_b. In your main paid job, over the past twelve months, have you been absent for educational leave?"
EWCSR4,q34a_c,"q34a_c. In your main paid job, over the past twelve months, have you been absent for family-related leave?"
EWCSR4,q34a_d,"q34a_d. In your main paid job, over the past twelve months, have you been absent for health problems?"
EWCSR4,q34a_e,"q34a_e. In your main paid job, over the past twelve months, have you been absent for other reasons?"
EWCSR4,q34b,q34b. Over the past 12 months how many days in total  were you absent from work for reasons of health problems?
EWCSR4,q34c_1,"q34c_1. Of the days of absence indicated above, how many days were attributable to accident(s) at work:"
EWCSR4,q34c_2,"q34c_2. Of the days of absence indicated above, how many days were attributable to health problems caused by your work:"
EWCSR4,q35,q35. Do you think you will be able to do the same job you are doing now when you are 60 years old?
EWCSR4,q36,"q36. Are you very satisfied, satisfied, not very satisfied or not at all satisfied with working conditions in your main paid job?"
EWCSR4,q37a,q37a. I might lose my job in the next 6 months.
EWCSR4,q37b,q37b. I am well paid for the work I do.
EWCSR4,q37c,q37c. My job offers good prospects for career advancement.
EWCSR4,q37d,q37d. I feel myself 'at home' in this organisation.
EWCSR4,q37e,"q37e. At work, I have opportunities to learn and grow."
EWCSR4,q37f,q37f. I have very good friends at work.
EWCSR4,ef1,ef1. What is the highest level of education that you have successfully completed?
EWCSR4,ef3,"ef3. Are you, in your household, the person who contributes most to the household income?"
EWCSR4,ef4a,ef4a. How often are you involved: Voluntary or charitable activity
EWCSR4,ef4.1a,ef4.1a. How many hours per day are you involved: Voluntary or charitable activity
EWCSR4,ef4b,ef4b. How often are you involved: Political/trade union activity
EWCSR4,ef4.1b,ef4.1b. How many hours per day are you involved: Political/trade union activity
EWCSR4,ef4c,ef4c. How often are you involved: Caring for and educating your children
EWCSR4,ef4.1c,ef4.1c. How many hours per day are you involved: Caring for and educating your children
EWCSR4,ef4d,ef4d. How often are you involved: Cooking and housework
EWCSR4,ef4.1d,ef4.1d. How many hours per day are you involved: Cooking and housework
EWCSR4,ef4e,ef4e. How often are you involved: Caring for elderly/disabled relatives
EWCSR4,ef4.1e,ef4.1e. How many hours per day are you involved: Caring for elderly/disabled relatives
EWCSR4,ef4f,ef4f. How often are you involved: Taking a training or education course
EWCSR4,ef4.1f,ef4.1f. How many hours per day are you involved: Taking a training or education course
EWCSR4,ef4g,"ef4g. How often are you involved: Sporting, cultural or leisure activity outside your home"
EWCSR4,ef4.1g,"ef4.1g. How many hours per day are you involved: Sporting, cultural or leisure activity outside your home"
EWCSR4,ef5,"ef5. Presently, what is on average your net monthly income from your main paid job?"
EWCSR4,ef6a,ef6a. What does your remuneration include: Basic fixed salary/wage?
EWCSR4,ef6b,ef6b. What does your remuneration include: Piece rate or productivity payments?
EWCSR4,ef6c,ef6c. What does your remuneration include: Extra payments for additional hours of work/overtime?
EWCSR4,ef6d,ef6d. What does your remuneration include: Extra payments compensating for bad or dangerous working conditions?
EWCSR4,ef6e,ef6e. What does your remuneration include: Extra payments compensating for Sunday work?
EWCSR4,ef6f,ef6f. What does your remuneration include: Other extra payments?
EWCSR4,ef6g,ef6g. What does your remuneration include: Payments based on the overall performance of the company where you work?
EWCSR4,ef6h,ef6h. What does your remuneration include: Payments based on the overall performance of a group?
EWCSR4,ef6i,ef6i. What does your remuneration include: Income from shares in the company your work for?
EWCSR4,ef6j,ef6j. What does your remuneration include: Advantages of other nature?
EWCSR4,ef6k,ef6k. What does your remuneration include: Other?
EWCSR4,ef6g_1,ef6g_1. Are the payments  based on the overall performance of the company calculated according to a predefined formula?
EWCSR4,ef6g_2,ef6g_2.  do you receive these payments on a regular basis?
EWCSR4,ef6h_1,ef6h_1.  Are the payments based on the overall performance of a group calculated according to a predefined formula?
EWCSR4,ef6h_2,ef6h_2. - do you receive these payments on a regular basis?
EWCSR4,ef7a,"ef7a. What does your remuneration include: Income from self-employment such as own business, profession or farm?"
EWCSR4,ef7b,ef7b. What does your remuneration include: Payments based on the overall performance of the company where you work?
EWCSR4,ef7c,ef7c. What does your remuneration include: Payments based on the overall performance of a group?
EWCSR4,ef7d,ef7d. What does your remuneration include: Income from shares in the company your work for?
EWCSR4,ef7e,ef7e. What does your remuneration include: Other?
EWCSR4,ef7b_1,ef7b_1. Are these payments based on the overall performance of the company calculated according to a predefined formula?
EWCSR4,ef7b_2,ef7b_2.  do you receive these payments on a regular basis?
EWCSR4,ef7c_1,ef7c_1. are these payments calculated according to a predefined formula?
EWCSR4,ef7c_2,ef7c_2.  do you receive these payments on a regular basis?
EWCSR4,p12a,p12a. Fixed telephone available in the household?
EWCSR4,p12b,p12b. Mobile  telephone available in the household?
EWCSR4,p14,p14. Would you be willing to participate in such a follow-up Interviewers?
EWCSR4,p1_1,p1_1. Date of the interview: Day:
EWCSR4,p1_2,p1_2. Date of the interview: Month:
EWCSR4,p2_1,p2_1. Time of the beginning of the interview: Hour:
EWCSR4,p2_2,p2_2. Time of the beginning of the interview: Minutes:
EWCSR4,p3,p3. Number of minutes the interview lasted: Minutes:
EWCSR4,p4,"p4. Number of persons present during the interview, including interviewer."
EWCSR4,p5,p5. Respondent cooperation:
EWCSR4,p6,p6. Size of locality (LOCAL CODES):
EWCSR4,p7,p7. Region (LOCAL CODES):
EWCSR4,p9,p9. SAMPLE POINT NUMBER:
EWCSR4,p10,p10. INTERVIEWER NUMBER:
EWCSR4,p13,p13. Language of  interview:
EWCSR4,qq,Quality of questionnaire
EWCSR4,p3cat,p3cat
EWCSR4,countID,Country of interview
EWCSR4,countcod,Country of interview - ISO code
EWCSR4,country,Country code:
EWCSR4,total,1 'EWCS-31'
EWCSR4,age,age
EWCSR4,agesex,agesex
EWCSR4,workers,Number of workers in the HH
EWCSR4,sampreg,sampreg
EWCSR4,nuts2,nuts2
EWCSR4,isco,Occupation: 1st-level ISCO codes
EWCSR4,q4rec,q4. What is the main activity of the company or organisation where you work?
EWCSR4,nace,Activity of employer: NACE main codes
EWCSR4,UNIQID,UNIQID
EWCSR4,UNID,UNID
EWCSR4,isced,ISCED classification : the highest level of education or training
EWCSR4,income, Average net income  from the main paid job
EWCSR4,q37a_ef,I might lose my job in the next 6 months
EWCSR4,q37b_ef,I am well paid for the work I do
EWCSR4,q37c_ef,My job offers good prospects for career advancement
EWCSR4,q37d_ef,q37d_ef
EWCSR4,q37e_ef,q37e_ef
EWCSR4,q37f_ef,q37f_ef
EWCSR4,hh2b_ef4,hh2b_ef4. Age - Respondent
EWCSR4,hh3_3b_ef4,hh3_3b_ef4. Age - Person 3.
EWCSR4,hh3_4b_ef4,hh3_4b_ef4. Age - Person 4.
EWCSR4,hh3_5b_ef4,hh3_5b_ef4. Age - Person 5.
EWCSR4,hh3_6b_ef4,hh3_6b_ef4. Age - Person 6.
EWCSR4,hh3_7b_ef4,hh3_7b_ef4. Age - Person 7.
EWCSR4,hh3_8b_ef4,hh3_8b_ef4. Age - Person 8.
EWCSR4,hh3_9b_ef4,hh3_9b_ef4. Age - Person 9.
EWCSR4,hh3_10b_ef4,hh3_10b_ef4. Age - Person 10.
EWCSR4,hh2b_ef6,hh2b_ef6. Age - Respondent
EWCSR4,hh3_3b_ef6,hh3_3b_ef6. Age - Person 3.
EWCSR4,hh3_4b_ef6,hh3_4b_ef6. Age - Person 4.
EWCSR4,hh3_5b_ef6,hh3_5b_ef6. Age - Person 5.
EWCSR4,hh3_6b_ef6,hh3_6b_ef6. Age - Person 6.
EWCSR4,hh3_7b_ef6,hh3_7b_ef6. Age - Person 7.
EWCSR4,hh3_8b_ef6,hh3_8b_ef6. Age - Person 8.
EWCSR4,hh3_9b_ef6,hh3_9b_ef6. Age - Person 9.
EWCSR4,hh3_10b_ef6,hh3_10b_ef6. Age - Person 10.
EWCSR4,q2b_ef,q2b_ef. How old were you when you stopped full-time education?
EWCSR4,q2c_ef,q2c_ef. How many years have you been in paid employment since the age at which you stopped full-time education?
EWCSR4,q2d_ef,q2d_ef. How many years have you been in your company or organisation?
EWCSR4,q3c_1_ef,q3c_1_ef. What is the exact duration of the contract in number of years?
EWCSR4,q3c_2_ef,q3c_2_ef. What is the exact duration of the contract in number of months?
EWCSR4,q7_ef,q7_ef. How many people work under your supervision?
EWCSR4,q8a_ef,q8a_ef. How many hours do you usually work per week in your main paid job?
EWCSR4,q9b_ef,q9b_ef. How many hours a week on average do you work in job(s) other than your main paid job?
EWCSR4,q13_ef,"q13_ef. In total, how many minutes per day do you normally spend travelling from home to work and back?"
EWCSR4,q14a_ef,"q14a_ef. Normally, how many times a month do you work at night, for at least 2 hours?"
EWCSR4,q14b_ef,"q14b_ef. How many times a month do you work in the evening, for at least 2 hours?"
EWCSR4,q14c_ef,q14c_ef. How many times a month do you work on Sundays?
EWCSR4,q14d_ef,q14d_ef. How many times a month do you work on Saturdays?
EWCSR4,q14e_ef,q14e_ef. How many times a month do you work more than 10 hours a day?
EWCSR4,q28a_2_ef,"q28a_2_ef. Training paid for or provided by your employer, or by yourself if you are self-employed - number of days:"
EWCSR4,q28b_2_ef,q28b_2_ef. Training paid for by yourself - number of days:
EWCSR4,q34b_ef,q34b_ef. Over the past 12 months how many days in total  were you absent from work for reasons of health problems?
EWCSR4,q34c_1_ef,"q34c_1_ef. Of the days of absence indicated above, how many days were attributable to accident(s) at work:"
EWCSR4,q34c_2_ef,"q34c_2_ef. Of the days of absence indicated above, how many days were attributable to health problems caused by your work:"
EWCSR4,ef4.1a_ef,ef4.1a_ef. How many hours per day are you involved: Voluntary or charitable activity
EWCSR4,ef4.1b_ef,ef4.1b_ef. How many hours per day are you involved: Political/trade union activity
EWCSR4,ef4.1c_ef,ef4.1c_ef. How many hours per day are you involved: Caring for and educating your children
EWCSR4,ef4.1d_ef,ef4.1d_ef. How many hours per day are you involved: Cooking and housework
EWCSR4,ef4.1e_ef,ef4.1e_ef. How many hours per day are you involved: Caring for elderly/disabled relatives
EWCSR4,ef4.1f_ef,ef4.1f_ef. How many hours per day are you involved: Taking a training or education course
EWCSR4,ef4.1g_ef,"ef4.1g_ef. How many hours per day are you involved: Sporting, cultural or leisure activity outside your home"
EWCSR4,w1,Selection probability weight
EWCSR4,w4,Post-stratification weight (with selection probabilities embedded)
EWCSR4,w3,Persons in employment in COUNTRY (in thousands)
EWCSR4,w5_ewcs,w5_ewcs. Cross national weight: Total sample
EWCSR4,w5_eu25,w5_eu25. Cross national weight: EU-25
EWCSR4,w5_nms,w5_nms. Cross national weight: NMS-10
EWCSR4,w5_euro,w5_euro.Cross national weight: Euro-zone
EWCSR4,w5_eu12,w5_eu12. Cross national weight: EU-12
EWCSR4,w5_acc,w5_acc. Cross national weight: ACC
EWCSR4,w5_ac2,w5_ac2. Cross national weight: Accession Countries
EWCSR4,w5_cc2,w5_cc2. Cross national weight: Candidate Countries
EWCSR4,w5_eu27,w5_eu27. Cross national weight: EU-27
EWCSR4,w5_eu15,w5_eu15. Cross national weight: EU-15
EWCSR4,w5_efta,w5_EFTA. Cross national weight: CH+NO
EWCSR4,toteu25,1 'EU-25'
EWCSR4,toteu15,1 'EU-15'
EWCSR4,totnms,1 'NMS-10'
EWCSR4,totcc2,1 'CC-2'
EWCSR4,totac2,1 'AC-2'
EWCSR4,sex,Sex of respondent
EWCSR4,agecat,Age of respondent
EWCSR4,size,Number of employees in local establishment
EWCSR4,employee,Type of employment
EWCSR4,nace11,Activity of employer: NACE 11 main codes
EWCSR4,inc4,Income (ef5 recode - 4 cat.)
